Index,Timestamp,RefP,X,Y,AccelX,AccelY,AccelZ,GyroX,GyroY,GyroZ,MagnetoX,MagnetoY,MagnetoZ,etn-scm-iot_b8:27:eb:29:0f:19,eduroam_c8:b5:ad:f3:6b:70,eduroam_c8:b5:ad:f3:6b:60,eduroam_c8:b5:ad:f3:69:c0,eduroam_c8:b5:ad:f3:69:d0,eduroam_84:d4:7e:5f:70:70,ClickShare-1862482789_9c:2f:9d:5f:1e:ad,eduroam_f0:5c:19:c3:5d:a0,eduroam_84:d4:7e:5f:70:60,eduroam_c8:b5:ad:f3:73:20,_be:53:22:90:2f:a7,eduroam_cc:88:c7:03:a4:a0,_7e:cb:24:39:04:02,TP-Link_2FA8_9c:53:22:90:2f:a7,eduroam_cc:d0:83:a0:c3:b0,eduroam_cc:88:c7:03:a4:b0,Tenda_62F1A0_d8:32:14:62:f1:a1,xc_82:88:2e:8f:63:24,eduroam_24:f2:7f:9a:e9:d0,DIRECT-BK_02:e0:db:d8:39:a9,eduroam_cc:d0:83:a0:e0:a0,eduroam_cc:d0:83:a0:e0:b0,vX,vY,Orientation
1,04:50:47:58,NaN,0.0,-0.2769230769230769,-0.2982222706681827,0.8523292799926981,-0.4510355183450638,0.16692976203519042,0.10664565888131913,-0.1488513459272793,-5.6062503,-31.237501,-34.55625,NaN,NaN,NaN,NaN,NaN,NaN,NaN,NaN,NaN,NaN,NaN,NaN,NaN,NaN,NaN,NaN,NaN,NaN,NaN,NaN,NaN,NaN,0.0,0.0,0.0
2,04:50:47:69,NaN,0.0,-0.23076923076923075,-0.3353687986352036,0.8780479470809013,-0.3805273783535032,0.11490813292371298,0.08453200892289166,-0.1202529838805711,-4.74375,-31.66875,-34.068752,NaN,NaN,NaN,NaN,NaN,NaN,NaN,NaN,NaN,NaN,NaN,NaN,NaN,NaN,NaN,NaN,NaN,NaN,NaN,NaN,NaN,NaN,0.0,0.0,0.0
3,04:50:47:81,NaN,0.0,-0.1846153846153846,-0.36903207182334147,0.9024649463050769,-0.3172072851526833,0.06642426642826914,0.06310926017417913,-0.09340779605520226,-6.3,-31.25625,-34.21875,NaN,NaN,NaN,NaN,NaN,NaN,NaN,NaN,NaN,NaN,NaN,NaN,NaN,NaN,NaN,NaN,NaN,NaN,NaN,NaN,NaN,NaN,0.0,0.0,0.0
4,04:50:47:92,NaN,0.0,-0.13846153846153844,-0.3969118907780467,0.9244551840057028,-0.26007227111755366,0.022821543053880924,0.04303359974663666,-0.0693366460002887,-7.2562504,-31.556252,-33.075,NaN,NaN,NaN,NaN,NaN,NaN,NaN,NaN,NaN,NaN,NaN,NaN,NaN,NaN,NaN,NaN,NaN,NaN,NaN,NaN,NaN,NaN,0.0,0.0,0.0
5,04:50:48:05,NaN,0.0,-0.0923076923076923,-0.4182402917897156,0.9428665840502836,-0.20810715757296375,-0.014982689255818075,0.02470991795743435,-0.048689634484034065,-7.1062503,-32.7,-34.40625,NaN,NaN,NaN,NaN,NaN,NaN,NaN,NaN,NaN,NaN,NaN,NaN,NaN,NaN,NaN,NaN,NaN,NaN,NaN,NaN,NaN,NaN,0.0,0.0,0.0
6,04:50:48:19,NaN,0.0,-0.04615384615384615,-0.4336026588318046,0.9565245419042889,-0.1601622032134628,-0.046257883973311785,0.008426589397949427,-0.03172883226654428,-4.3125,-31.5375,-33.73125,NaN,NaN,NaN,NaN,NaN,NaN,NaN,NaN,NaN,NaN,NaN,NaN,NaN,NaN,NaN,NaN,NaN,NaN,NaN,NaN,NaN,NaN,0.0,0.0,0.0
7,04:50:48:21,0.0,0.0,0.0,-0.44457020673337566,0.9643615893833014,-0.11491704483816867,-0.07044184230253148,-0.005559575087123862,-0.01843254999936666,-6.0375004,-30.093752,-33.7125,NaN,NaN,NaN,NaN,NaN,NaN,NaN,NaN,NaN,NaN,NaN,NaN,NaN,NaN,NaN,NaN,NaN,NaN,NaN,NaN,NaN,NaN,0.0,0.0,0.0
8,04:50:48:30,NaN,0.0,0.04615384615384615,-0.45316740832779695,0.9655802204240096,-0.07128076979083893,-0.08743906317596588,-0.017140270759187223,-0.00858252417247131,-6.0375004,-30.50625,-34.537502,NaN,NaN,NaN,NaN,NaN,NaN,NaN,NaN,NaN,NaN,NaN,NaN,NaN,NaN,NaN,NaN,NaN,NaN,NaN,NaN,NaN,NaN,0.0,0.0,0.0
9,04:50:48:42,NaN,0.0,0.0923076923076923,-0.4614841234914173,0.9596100967964971,-0.02882241004133387,-0.0978364443787099,-0.02642819216715204,-0.0017101207798874783,-6.7875004,-29.343752,-35.025,NaN,NaN,NaN,NaN,NaN,NaN,NaN,NaN,NaN,NaN,NaN,NaN,NaN,NaN,NaN,NaN,NaN,NaN,NaN,NaN,NaN,NaN,0.0,0.0,0.0
10,04:50:48:53,NaN,0.0,0.13846153846153844,-0.4715092054062074,0.9459948792784518,0.012378424833448948,-0.10274029367360903,-0.03364274140181904,0.0030324291703000728,-7.4062505,-27.6,-35.68125,NaN,NaN,NaN,NaN,NaN,NaN,NaN,NaN,NaN,NaN,NaN,NaN,NaN,NaN,NaN,NaN,NaN,NaN,NaN,NaN,NaN,NaN,0.0,0.0,0.0
11,04:50:48:64,NaN,0.0,0.1846153846153846,-0.4848950833849017,0.9244921167699218,0.05245056659000748,-0.10352360446707247,-0.03901559206522506,0.006818506707543677,-8.8125,-28.031252,-37.0125,NaN,NaN,NaN,NaN,NaN,NaN,NaN,NaN,NaN,NaN,NaN,NaN,NaN,NaN,NaN,NaN,NaN,NaN,NaN,NaN,NaN,NaN,0.0,0.0,0.0
12,04:50:48:75,NaN,0.0,0.23076923076923075,-0.5025484427069222,0.8954198362314388,0.09163125856706311,-0.10174775299149426,-0.04286534712484394,0.010771386381795813,-7.8,-28.331251,-35.025,NaN,NaN,NaN,NaN,NaN,NaN,NaN,NaN,NaN,NaN,NaN,NaN,NaN,NaN,NaN,NaN,NaN,NaN,NaN,NaN,NaN,NaN,0.0,0.0,0.0
13,04:50:48:86,NaN,0.0,0.2769230769230769,-0.5245200738752273,0.8601514878346149,0.12917768058981327,-0.0990615587436381,-0.045735828014859606,0.015589561290153348,-6.8250003,-26.8875,-33.693752,NaN,NaN,NaN,NaN,NaN,NaN,NaN,NaN,NaN,NaN,NaN,NaN,NaN,NaN,NaN,NaN,NaN,NaN,NaN,NaN,NaN,NaN,0.0,0.0,0.0
14,04:50:48:98,NaN,0.0,0.32307692307692304,-0.550437865855542,0.82153219305624,0.16354066677369608,-0.09698989465948854,-0.0483402424446998,0.021569811674821845,-7.9125004,-28.218752,-33.54375,NaN,NaN,NaN,NaN,NaN,NaN,NaN,NaN,NaN,NaN,NaN,NaN,NaN,NaN,NaN,NaN,NaN,NaN,NaN,NaN,NaN,NaN,0.0,0.0,0.0
15,04:50:49:11,NaN,0.0,0.3692307692307692,-0.5797597806996264,0.78344292038868,0.19376353351760467,-0.09667135326363181,-0.051251579628829015,0.028826189945897574,-4.8187504,-28.462502,-34.36875,NaN,NaN,NaN,NaN,NaN,NaN,NaN,NaN,NaN,NaN,NaN,NaN,NaN,NaN,NaN,NaN,NaN,NaN,NaN,NaN,NaN,NaN,0.0,0.0,0.0
16,04:50:49:25,NaN,0.0,0.41538461538461535,-0.611441800895257,0.748945916721535,0.21987311582233635,-0.09855142280173837,-0.0546391703614099,0.037299176470207245,-6.3375,-29.081251,-33.375,NaN,NaN,NaN,NaN,NaN,NaN,NaN,NaN,NaN,NaN,NaN,NaN,NaN,NaN,NaN,NaN,NaN,NaN,NaN,NaN,NaN,NaN,0.0,0.0,0.0
17,04:50:49:38,NaN,0.0,0.4615384615384615,-0.6436533494696185,0.7186208089039883,0.24201006271952377,-0.1023061967618757,-0.058244038014506026,0.046605073010686865,-3.61875,-30.075,-32.568752,NaN,NaN,NaN,NaN,NaN,NaN,NaN,NaN,NaN,NaN,NaN,NaN,NaN,NaN,NaN,NaN,NaN,NaN,NaN,NaN,NaN,NaN,0.0,0.0,0.0
18,04:50:49:50,NaN,0.0,0.5076923076923077,-0.6738995410642672,0.6914075324122955,0.25898953076387415,-0.10709310240421975,-0.06142955140963711,0.055966802017624946,-4.275,-30.843752,-30.2625,NaN,NaN,NaN,NaN,NaN,NaN,NaN,NaN,NaN,NaN,NaN,NaN,NaN,NaN,NaN,NaN,NaN,NaN,NaN,NaN,NaN,NaN,0.0,0.0,0.0
19,04:50:49:62,NaN,0.0,0.5538461538461538,-0.6992622002033774,0.6671907887273466,0.2671809849919319,-0.11159502495619134,-0.06320163166461798,0.06429360896916807,-2.1750002,-30.806252,-31.743752,NaN,NaN,NaN,NaN,NaN,NaN,NaN,NaN,NaN,NaN,NaN,NaN,NaN,NaN,NaN,NaN,NaN,NaN,NaN,NaN,NaN,NaN,0.0,0.0,0.0
20,04:50:49:71,1.0,0.0,0.6,-0.7169062559207746,0.6481794423463235,0.2613834165145154,-0.11383815049508315,-0.062397044736422554,0.07039493981107345,-2.71875,-30.975,-30.750002,NaN,NaN,NaN,NaN,NaN,NaN,NaN,NaN,NaN,NaN,NaN,NaN,NaN,NaN,NaN,NaN,NaN,NaN,NaN,NaN,NaN,NaN,0.0,0.0,0.0
21,04:50:49:73,NaN,0.0,0.7071428571428571,-0.7251225328610171,0.6377208115594996,0.238323139684515,-0.11177180481043697,-0.05822013841082194,0.07330621550727884,-3.91875,-28.35,-31.3875,NaN,NaN,NaN,NaN,NaN,NaN,NaN,NaN,NaN,NaN,NaN,NaN,NaN,NaN,NaN,NaN,NaN,NaN,NaN,NaN,NaN,NaN,0.0,0.0,0.0
22,04:50:49:84,NaN,0.0,0.8142857142857143,-0.7241606284265296,0.6379392834474371,0.20060723705245048,-0.10457826374135254,-0.050818258273291075,0.07260999215290288,-4.0875,-28.48125,-32.381252,NaN,NaN,NaN,NaN,NaN,NaN,NaN,NaN,NaN,NaN,NaN,NaN,NaN,NaN,NaN,NaN,NaN,NaN,NaN,NaN,NaN,NaN,0.0,0.0,0.0
23,04:50:49:95,NaN,0.0,0.9214285714285714,-0.7160769587759491,0.6486325751395163,0.15648630802354285,-0.09313747796426895,-0.041278866592370685,0.06859059970996714,-6.1875005,-27.7875,-30.73125,NaN,NaN,NaN,NaN,NaN,NaN,NaN,NaN,NaN,NaN,NaN,NaN,NaN,NaN,NaN,NaN,NaN,NaN,NaN,NaN,NaN,NaN,0.0,0.0,0.0
24,04:50:50:07,NaN,0.0,1.0285714285714285,-0.7038842375695111,0.6680967548426742,0.11496376406798962,-0.07922634187992687,-0.031051969233114828,0.062127833005832495,-4.8,-27.468752,-31.875002,NaN,NaN,NaN,NaN,NaN,NaN,NaN,NaN,NaN,NaN,NaN,NaN,NaN,NaN,NaN,NaN,NaN,NaN,NaN,NaN,NaN,NaN,0.0,0.0,0.0
25,04:50:50:18,NaN,0.0,1.1357142857142857,-0.6905817177334043,0.6947549673264111,0.08207216212700101,-0.06466889020345691,-0.021451438202664312,0.05436079421788302,-5.4,-26.175001,-32.193752,NaN,NaN,NaN,NaN,NaN,NaN,NaN,NaN,NaN,NaN,NaN,NaN,NaN,NaN,NaN,NaN,NaN,NaN,NaN,NaN,NaN,NaN,0.0,0.0,0.0
26,04:50:50:29,NaN,0.0,1.2428571428571429,-0.6784912286375857,0.7284422523232046,0.06122467016498734,-0.051022340436486346,-0.013454158961568067,0.0463121667719457,-3.9562502,-28.050001,-32.550003,NaN,NaN,NaN,NaN,NaN,NaN,NaN,NaN,NaN,NaN,NaN,NaN,NaN,NaN,NaN,NaN,NaN,NaN,NaN,NaN,NaN,NaN,0.0,0.0,0.0
27,04:50:50:43,NaN,0.0,1.35,-0.6690406906665319,0.7700013155262406,0.054760445446234665,-0.039444404206247584,-0.007571971093192823,0.03862489539092605,-1.2,-30.075,-31.406252,NaN,NaN,NaN,NaN,NaN,NaN,NaN,NaN,NaN,NaN,NaN,NaN,NaN,NaN,NaN,NaN,NaN,NaN,NaN,NaN,NaN,NaN,0.0,0.0,0.0
28,04:50:50:57,NaN,0.0,1.457142857142857,-0.6627934039484938,0.8192420795351851,0.06315269428187328,-0.030582276514181217,-0.00393422384660872,0.03139955419257201,-2.34375,-29.643751,-31.237501,NaN,NaN,NaN,NaN,NaN,NaN,NaN,NaN,NaN,NaN,NaN,NaN,NaN,NaN,NaN,NaN,NaN,NaN,NaN,NaN,NaN,NaN,0.0,0.0,0.0
29,04:50:50:70,NaN,0.0,1.564285714285714,-0.6596504417875053,0.8740405541623077,0.08249875137845059,-0.024642906155041555,-0.0025984465699046538,0.02418050938918525,-0.69375,-32.568752,-30.2625,NaN,NaN,NaN,NaN,NaN,NaN,NaN,NaN,NaN,NaN,NaN,NaN,NaN,NaN,NaN,NaN,NaN,NaN,NaN,NaN,NaN,NaN,0.0,0.0,0.0
30,04:50:50:84,NaN,0.0,1.6714285714285713,-0.6589584045323157,0.9318049755837389,0.1042898829931609,-0.02160443808816779,-0.003588227211106533,0.016220836763627663,-1.4250001,-32.268753,-30.91875,NaN,NaN,NaN,NaN,NaN,NaN,NaN,NaN,NaN,NaN,NaN,NaN,NaN,NaN,NaN,NaN,NaN,NaN,NaN,NaN,NaN,NaN,0.0,0.0,0.0
31,04:50:50:98,NaN,0.0,1.7785714285714285,-0.6593071844060888,0.9907228490661678,0.11891462701889154,-0.021278717889712053,-0.006693139189888337,0.006978937901933503,-3.1125002,-32.287502,-30.91875,NaN,NaN,NaN,NaN,NaN,NaN,NaN,NaN,NaN,NaN,NaN,NaN,NaN,NaN,NaN,NaN,NaN,NaN,NaN,NaN,NaN,NaN,0.0,0.0,0.0
32,04:50:51:12,NaN,0.0,1.8857142857142857,-0.6588014560217361,1.0487994637046443,0.12051417972972772,-0.02323337464346816,-0.011514754581962109,-0.003471523891871618,-5.45625,-34.050003,-30.281252,NaN,NaN,NaN,NaN,NaN,NaN,NaN,NaN,NaN,NaN,NaN,NaN,NaN,NaN,NaN,NaN,NaN,NaN,NaN,NaN,NaN,NaN,0.0,0.0,0.0
33,04:50:51:34,NaN,0.0,1.9928571428571429,-0.6560918865823663,1.1024588044400783,0.10890729443705192,-0.026852355840581717,-0.017629165435203598,-0.014415787077535705,-7.05,-31.743752,-29.268751,-77.0,-80.0,-84.0,-84.0,-85.0,-86.0,-91.0,-91.0,NaN,NaN,NaN,NaN,NaN,NaN,NaN,NaN,NaN,NaN,NaN,NaN,NaN,NaN,0.0,0.0,0.0
34,04:50:51:38,2.0,0.0,2.1,-0.6510134443718475,1.1473519102522605,0.08680345390160286,-0.03161634402254115,-0.0246820583465807,-0.024739486585116235,-7.6125,-31.893751,-29.775002,-77.0,-80.0,-84.0,-84.0,-85.0,-86.0,-91.0,-91.0,NaN,NaN,NaN,NaN,NaN,NaN,NaN,NaN,NaN,NaN,NaN,NaN,NaN,NaN,0.0,0.0,0.0
35,04:50:51:47,NaN,0.0,2.2285714285714286,-0.644392284030418,1.1808297845203546,0.05662474221506592,-0.03733326704333167,-0.03255055048078571,-0.03318108280116507,-7.5750003,-33.787502,-29.775002,-77.0,-80.0,-84.0,-84.0,-85.0,-86.0,-91.0,-91.0,NaN,NaN,NaN,NaN,NaN,NaN,NaN,NaN,NaN,NaN,NaN,NaN,NaN,NaN,0.0,0.0,0.0
36,04:50:51:58,NaN,0.0,2.357142857142857,-0.6377068011155173,1.2033091256975263,0.021036499366192923,-0.04399982657442843,-0.04135701264531498,-0.03861293805060341,-8.175,-32.193752,-29.94375,-77.0,-80.0,-84.0,-84.0,-85.0,-86.0,-91.0,-91.0,NaN,NaN,NaN,NaN,NaN,NaN,NaN,NaN,NaN,NaN,NaN,NaN,NaN,NaN,0.0,0.0,0.0
37,04:50:51:70,NaN,0.0,2.4857142857142858,-0.6325908129181159,1.2170712838362008,-0.014969847057060058,-0.05155641505928779,-0.05120205491330254,-0.04039418127166276,-7.6687503,-33.525,-27.300001,-77.0,-80.0,-84.0,-84.0,-85.0,-86.0,-91.0,-91.0,NaN,NaN,NaN,NaN,NaN,NaN,NaN,NaN,NaN,NaN,NaN,NaN,NaN,NaN,0.0,0.0,0.0
38,04:50:51:81,NaN,0.0,2.6142857142857143,-0.6299962492255746,1.2234561797347483,-0.04470599831505747,-0.05985805519693734,-0.06190322311202738,-0.03860605662757222,-7.6875005,-34.21875,-29.625002,-77.0,-80.0,-84.0,-84.0,-85.0,-86.0,-91.0,-91.0,NaN,NaN,NaN,NaN,NaN,NaN,NaN,NaN,NaN,NaN,NaN,NaN,NaN,NaN,0.0,0.0,0.0
39,04:50:51:93,NaN,0.0,2.742857142857143,-0.6298855578041422,1.2212263086889397,-0.06285038400192637,-0.06862477800885247,-0.07283347416354816,-0.033969064671190013,-6.2625003,-34.95,-28.800001,-77.0,-80.0,-84.0,-84.0,-85.0,-86.0,-91.0,-91.0,NaN,NaN,NaN,NaN,NaN,NaN,NaN,NaN,NaN,NaN,NaN,NaN,NaN,NaN,0.0,0.0,0.0
40,04:50:52:07,NaN,0.0,2.8714285714285714,-0.6316941328695883,1.2077767374465893,-0.0675200705652123,-0.07723898977624649,-0.08280341980015034,-0.02756632065508606,-6.3,-33.91875,-30.45,-77.0,-80.0,-84.0,-84.0,-85.0,-86.0,-91.0,-91.0,NaN,NaN,NaN,NaN,NaN,NaN,NaN,NaN,NaN,NaN,NaN,NaN,NaN,NaN,0.0,0.0,0.0
41,04:50:52:17,3.0,0.0,3.0,-0.634687202926009,1.1815902732722978,-0.060540806511849864,-0.08464537650891295,-0.09017133614009244,-0.020602200264816573,-5.7937503,-36.54375,-28.987501,-77.0,-80.0,-84.0,-84.0,-85.0,-86.0,-91.0,-91.0,NaN,NaN,NaN,NaN,NaN,NaN,NaN,NaN,NaN,NaN,NaN,NaN,NaN,NaN,0.0,0.0,0.0
42,04:50:52:19,NaN,0.0,3.1153846153846154,-0.6380358313619946,1.1440789416437056,-0.046567934545012256,-0.08962203774240214,-0.09335727579244647,-0.014206972414543394,-5.2875004,-35.643753,-30.468752,-77.0,-80.0,-84.0,-84.0,-85.0,-86.0,-91.0,-91.0,NaN,NaN,NaN,NaN,NaN,NaN,NaN,NaN,NaN,NaN,NaN,NaN,NaN,NaN,0.0,0.0,0.0
43,04:50:52:31,NaN,0.0,3.230769230769231,-0.6409032867045995,1.1000069817780997,-0.030503790174096046,-0.09123279509117858,-0.0914959746616298,-0.009238426210204813,-8.4375,-33.487503,-30.768751,-77.0,-80.0,-84.0,-84.0,-85.0,-86.0,-91.0,-91.0,NaN,NaN,NaN,NaN,NaN,NaN,NaN,NaN,NaN,NaN,NaN,NaN,NaN,NaN,0.0,0.0,0.0
44,04:50:52:43,NaN,0.0,3.3461538461538463,-0.642759907467599,1.0555036913779665,-0.014357723669197681,-0.089049909617997,-0.08476128811231985,-0.006067425666361746,-10.856251,-32.49375,-30.768751,-77.0,-80.0,-84.0,-84.0,-85.0,-86.0,-91.0,-91.0,NaN,NaN,NaN,NaN,NaN,NaN,NaN,NaN,NaN,NaN,NaN,NaN,NaN,NaN,0.0,0.0,0.0
45,04:50:52:54,NaN,0.0,3.4615384615384617,-0.6437905415923384,1.01498493109478,0.0027381660661791444,-0.08321060646221685,-0.07419283900022608,-0.004484163939907399,-12.150001,-31.331251,-30.581251,-77.0,-80.0,-84.0,-84.0,-85.0,-86.0,-91.0,-91.0,NaN,NaN,NaN,NaN,NaN,NaN,NaN,NaN,NaN,NaN,NaN,NaN,NaN,NaN,0.0,0.0,0.0
46,04:50:52:66,NaN,0.0,3.576923076923077,-0.6447056496070014,0.9803176881303036,0.02078257086082054,-0.0744165117001861,-0.06122299025815726,-0.0038752921653229344,-11.15625,-31.48125,-30.750002,-77.0,-80.0,-84.0,-84.0,-85.0,-86.0,-91.0,-91.0,NaN,NaN,NaN,NaN,NaN,NaN,NaN,NaN,NaN,NaN,NaN,NaN,NaN,NaN,0.0,0.0,0.0
47,04:50:52:79,NaN,0.0,3.6923076923076925,-0.6463846367482411,0.9527424743759926,0.03621816196598784,-0.06368195292937734,-0.04727276402278783,-0.0035164111687599185,-10.087501,-29.437502,-30.243752,-77.0,-80.0,-84.0,-84.0,-85.0,-86.0,-91.0,-91.0,NaN,NaN,NaN,NaN,NaN,NaN,NaN,NaN,NaN,NaN,NaN,NaN,NaN,NaN,0.0,0.0,0.0
48,04:50:52:94,NaN,0.0,3.8076923076923075,-0.6500821345390937,0.9346580833596381,0.04398409627558471,-0.05197933964521266,-0.03360891841444462,-0.002861441839430756,-9.88125,-31.7625,-29.925001,-77.0,-80.0,-84.0,-84.0,-85.0,-86.0,-91.0,-91.0,NaN,NaN,NaN,NaN,NaN,NaN,NaN,NaN,NaN,NaN,NaN,NaN,NaN,NaN,0.0,0.0,0.0
49,04:50:53:10,NaN,0.0,3.9230769230769234,-0.6573792299996348,0.9285593041532338,0.0421444663247221,-0.04031606743027158,-0.021351694918276154,-0.0018331024157316076,-9.4125,-33.9375,-30.45,-77.0,-80.0,-84.0,-84.0,-85.0,-86.0,-91.0,-91.0,NaN,NaN,NaN,NaN,NaN,NaN,NaN,NaN,NaN,NaN,NaN,NaN,NaN,NaN,0.0,0.0,0.0
50,04:50:53:25,NaN,0.0,4.038461538461538,-0.6694306171822426,0.9343479122289886,0.033471237534379514,-0.030080644420042497,-0.011440013024883115,-0.0008862389939068148,-8.4375,-33.206253,-30.768751,-77.0,-80.0,-84.0,-84.0,-85.0,-86.0,-91.0,-91.0,NaN,NaN,NaN,NaN,NaN,NaN,NaN,NaN,NaN,NaN,NaN,NaN,NaN,NaN,0.0,0.0,0.0
51,04:50:53:40,NaN,0.0,4.153846153846154,-0.6861916310596605,0.948921699860518,0.0222918505609196,-0.022823896506367784,-0.004516333748760139,-0.0007102759629244312,-6.1687503,-34.050003,-30.618752,-77.0,-80.0,-84.0,-84.0,-85.0,-86.0,-91.0,-91.0,NaN,NaN,NaN,NaN,NaN,NaN,NaN,NaN,NaN,NaN,NaN,NaN,NaN,NaN,0.0,0.0,0.0
52,04:50:53:56,NaN,0.0,4.269230769230769,-0.7061166937053146,0.9685748377206822,0.011903908025053376,-0.01939318437956127,-0.0007418914971518848,-0.0018597753058258247,-4.89375,-38.15625,-27.675001,-77.0,-80.0,-84.0,-84.0,-85.0,-86.0,-91.0,-91.0,NaN,NaN,NaN,NaN,NaN,NaN,NaN,NaN,NaN,NaN,NaN,NaN,NaN,NaN,0.0,0.0,0.0
53,04:50:53:70,NaN,0.0,4.384615384615385,-0.7265362104809399,0.9910223253628279,0.0054664626140201395,-0.019148114043405697,0.00046541006738205586,-0.004593818593291895,-5.8500004,-37.4625,-25.687502,-77.0,-80.0,-84.0,-84.0,-85.0,-86.0,-91.0,-91.0,NaN,NaN,NaN,NaN,NaN,NaN,NaN,NaN,NaN,NaN,NaN,NaN,NaN,NaN,0.0,0.0,0.0
54,04:50:53:73,4.0,0.0,4.5,-0.7445399922866269,1.0153625055835493,0.005697676580788852,-0.020037372800012585,0.0003463477769519966,-0.008849331714038346,-6.5437503,-37.2,-24.525002,-77.0,-80.0,-84.0,-84.0,-85.0,-86.0,-91.0,-91.0,NaN,NaN,NaN,NaN,NaN,NaN,NaN,NaN,NaN,NaN,NaN,NaN,NaN,NaN,0.0,0.0,0.0
55,04:50:53:82,NaN,0.0,4.59,-0.7578367624240239,1.0411103131677095,0.011816283679358384,-0.01967607588831861,0.0001113217927790441,-0.01419461180904651,-5.34375,-34.85625,-24.675001,-77.0,-80.0,-84.0,-84.0,-85.0,-86.0,-91.0,-91.0,NaN,NaN,NaN,NaN,NaN,NaN,NaN,NaN,NaN,NaN,NaN,NaN,NaN,NaN,0.0,0.0,0.0
56,04:50:53:94,NaN,0.0,4.68,-0.7651272040587306,1.0676199767012877,0.01872024266552688,-0.016533200865861165,0.00032051557359335744,-0.019850976535056616,-6.6375003,-33.975002,-25.650002,-77.0,-80.0,-84.0,-84.0,-85.0,-86.0,-91.0,-91.0,NaN,NaN,NaN,NaN,NaN,NaN,NaN,NaN,NaN,NaN,NaN,NaN,NaN,NaN,0.0,0.0,0.0
57,04:50:54:06,NaN,0.0,4.7700000000000005,-0.7658225079217416,1.0943415209770042,0.018834772829067533,-0.010396437802544895,0.000841386214662638,-0.02489841601019801,-6.675,-33.24375,-25.987501,-77.0,-80.0,-84.0,-84.0,-85.0,-86.0,-91.0,-91.0,NaN,NaN,NaN,NaN,NaN,NaN,NaN,NaN,NaN,NaN,NaN,NaN,NaN,NaN,0.0,0.0,0.0
58,04:50:54:19,NaN,0.0,4.86,-0.7597011004383427,1.1219018304048969,0.003308316823715962,-0.002102811546666216,0.0011527831958779958,-0.028530193312883093,-5.08125,-33.825,-24.337502,-77.0,-80.0,-84.0,-84.0,-85.0,-86.0,-91.0,-91.0,NaN,NaN,NaN,NaN,NaN,NaN,NaN,NaN,NaN,NaN,NaN,NaN,NaN,NaN,0.0,0.0,0.0
59,04:50:54:31,NaN,0.0,4.95,-0.7472131112687366,1.1526647917522683,-0.03572492508704093,0.00708973045504353,0.000687007085500029,-0.03021481620749626,-4.05,-33.84375,-22.35,-77.0,-80.0,-84.0,-84.0,-85.0,-86.0,-91.0,-91.0,NaN,NaN,NaN,NaN,NaN,NaN,NaN,NaN,NaN,NaN,NaN,NaN,NaN,NaN,0.0,0.0,0.0
60,04:50:54:45,NaN,0.0,5.04,-0.729837976445747,1.188789553504726,-0.10033221611947876,0.01600303552656338,-0.0009657688321588581,-0.02981810934173298,-2.9437501,-33.393753,-22.66875,-77.0,-80.0,-84.0,-84.0,-85.0,-86.0,-91.0,-91.0,NaN,NaN,NaN,NaN,NaN,NaN,NaN,NaN,NaN,NaN,NaN,NaN,NaN,NaN,0.0,0.0,0.0
61,04:50:54:57,NaN,0.0,5.13,-0.7094876064513176,1.2290465502137042,-0.1847746794942128,0.023683809010018778,-0.0039941059057216205,-0.02766132856446527,-5.925,-31.837502,-21.675001,-77.0,-80.0,-84.0,-84.0,-85.0,-86.0,-91.0,-91.0,NaN,NaN,NaN,NaN,NaN,NaN,NaN,NaN,NaN,NaN,NaN,NaN,NaN,NaN,0.0,0.0,0.0
62,04:50:54:71,NaN,0.0,5.220000000000001,-0.687393026179637,1.268259436065707,-0.27956475890869914,0.02949802920604123,-0.008304521540722492,-0.024365339357882838,-5.9437504,-34.2,-17.8875,-77.0,-80.0,-84.0,-84.0,-85.0,-86.0,-91.0,-91.0,NaN,NaN,NaN,NaN,NaN,NaN,NaN,NaN,NaN,NaN,NaN,NaN,NaN,NaN,0.0,0.0,0.0
63,04:50:54:83,NaN,0.0,5.3100000000000005,-0.6637265968257531,1.3001441016542161,-0.37609946592562266,0.03334498778251937,-0.013405597457258962,-0.020561992599337196,-6.5062504,-33.35625,-16.893751,-77.0,-80.0,-84.0,-84.0,-85.0,-86.0,-91.0,-91.0,NaN,NaN,NaN,NaN,NaN,NaN,NaN,NaN,NaN,NaN,NaN,NaN,NaN,NaN,0.0,0.0,0.0
64,04:50:54:86,5.0,0.0,5.4,-0.6382752939782856,1.320849161737022,-0.46765636039159525,0.03568311334532758,-0.01838426504923867,-0.01670390919136296,-4.9875,-32.756252,-17.550001,-77.0,-80.0,-84.0,-84.0,-85.0,-86.0,-91.0,-91.0,NaN,NaN,NaN,NaN,NaN,NaN,NaN,NaN,NaN,NaN,NaN,NaN,NaN,NaN,0.0,0.0,0.0
65,04:50:55:08,NaN,0.0,5.538461538461539,-0.6113041110191508,1.330587105686311,-0.5490083963909076,0.037290321876764,-0.02215907661729402,-0.012980907957611483,-5.4187503,-31.593752,-16.556252,-72.0,-75.0,-85.0,-81.0,-87.0,-87.0,-91.0,-91.0,-80.0,NaN,NaN,NaN,NaN,NaN,NaN,NaN,NaN,NaN,NaN,NaN,NaN,NaN,0.0,0.0,0.0
66,04:50:55:20,NaN,0.0,5.676923076923077,-0.5837939364399501,1.33212851648989,-0.616566122417504,0.039018664624732136,-0.023861393707848483,-0.009285253441510212,-7.70625,-31.0125,-17.868752,-72.0,-75.0,-85.0,-81.0,-87.0,-87.0,-91.0,-91.0,-80.0,NaN,NaN,NaN,NaN,NaN,NaN,NaN,NaN,NaN,NaN,NaN,NaN,NaN,0.0,0.0,0.0
67,04:50:55:32,NaN,0.0,5.815384615384616,-0.5571779289324119,1.3279930573278727,-0.6680677268171535,0.041512451390545414,-0.02316956310488502,-0.00537262763330809,-6.99375,-31.031252,-17.04375,-72.0,-75.0,-85.0,-81.0,-87.0,-87.0,-91.0,-91.0,-80.0,NaN,NaN,NaN,NaN,NaN,NaN,NaN,NaN,NaN,NaN,NaN,NaN,NaN,0.0,0.0,0.0
68,04:50:55:44,NaN,0.0,5.953846153846154,-0.5329036943018091,1.3199213130008156,-0.7017171050925264,0.04483422436829248,-0.020593805835467622,-0.0012802190351616526,-7.9875,-31.593752,-18.0375,-72.0,-75.0,-85.0,-81.0,-87.0,-87.0,-91.0,-91.0,-80.0,NaN,NaN,NaN,NaN,NaN,NaN,NaN,NaN,NaN,NaN,NaN,NaN,NaN,0.0,0.0,0.0
69,04:50:55:61,NaN,0.0,6.092307692307693,-0.512226439276937,1.3104336087615676,-0.7158397721868066,0.04836348057640955,-0.017303326032656937,0.0024183493059929577,-8.981251,-29.8875,-16.5375,-72.0,-75.0,-85.0,-81.0,-87.0,-87.0,-91.0,-91.0,-80.0,NaN,NaN,NaN,NaN,NaN,NaN,NaN,NaN,NaN,NaN,NaN,NaN,NaN,0.0,0.0,0.0
70,04:50:55:78,NaN,0.0,6.230769230769231,-0.4966554932232697,1.3031480833490514,-0.7089430867414777,0.051123011285057564,-0.014427497994485361,0.004897083817503321,-8.55,-30.900002,-16.875,-72.0,-75.0,-85.0,-81.0,-87.0,-87.0,-91.0,-91.0,-80.0,NaN,NaN,NaN,NaN,NaN,NaN,NaN,NaN,NaN,NaN,NaN,NaN,NaN,0.0,0.0,0.0
71,04:50:55:95,NaN,0.0,6.36923076923077,-0.4880494873283976,1.3010312735213576,-0.6806403355366455,0.05217309333592404,-0.0126661470575362,0.005530074288187879,-7.4437504,-30.281252,-17.85,-72.0,-75.0,-85.0,-81.0,-87.0,-87.0,-91.0,-91.0,-80.0,NaN,NaN,NaN,NaN,NaN,NaN,NaN,NaN,NaN,NaN,NaN,NaN,NaN,0.0,0.0,0.0
72,04:50:56:13,NaN,0.0,6.507692307692308,-0.4877436537613623,1.3048711336510106,-0.6330694641052038,0.05074167944697054,-0.012428004494042879,0.004085804373588291,-10.837501,-29.587502,-17.5125,-72.0,-75.0,-85.0,-81.0,-87.0,-87.0,-91.0,-91.0,-80.0,NaN,NaN,NaN,NaN,NaN,NaN,NaN,NaN,NaN,NaN,NaN,NaN,NaN,0.0,0.0,0.0
73,04:50:56:29,NaN,0.0,6.6461538461538465,-0.4959798932191828,1.3135388862416784,-0.5701898011545651,0.04619680655571536,-0.013940639764246143,0.000779483030111197,-8.53125,-32.34375,-17.71875,-72.0,-75.0,-85.0,-81.0,-87.0,-87.0,-91.0,-91.0,-80.0,NaN,NaN,NaN,NaN,NaN,NaN,NaN,NaN,NaN,NaN,NaN,NaN,NaN,0.0,0.0,0.0
74,04:50:56:47,NaN,0.0,6.7846153846153845,-0.5119596977971438,1.324815799211769,-0.4955826180780963,0.038285312460905115,-0.01719761725639564,-0.0036891577125814892,-10.668751,-30.900002,-17.7,-72.0,-75.0,-85.0,-81.0,-87.0,-87.0,-91.0,-91.0,-80.0,NaN,NaN,NaN,NaN,NaN,NaN,NaN,NaN,NaN,NaN,NaN,NaN,NaN,0.0,0.0,0.0
75,04:50:56:65,NaN,0.0,6.923076923076923,-0.533798894677467,1.3353802140123752,-0.41248508569835957,0.02763279435915321,-0.021884065189094422,-0.008195832574397691,-11.6625,-31.9125,-19.2,-72.0,-75.0,-85.0,-81.0,-87.0,-87.0,-91.0,-91.0,-80.0,NaN,NaN,NaN,NaN,NaN,NaN,NaN,NaN,NaN,NaN,NaN,NaN,NaN,0.0,0.0,0.0
76,04:50:56:82,NaN,0.0,7.061538461538461,-0.5586313443768233,1.3410307406880624,-0.32619429891600993,0.01586042391812116,-0.027337450729576933,-0.011455913582179988,-12.4875,-32.0625,-18.69375,-72.0,-75.0,-85.0,-81.0,-87.0,-87.0,-91.0,-91.0,-80.0,NaN,NaN,NaN,NaN,NaN,NaN,NaN,NaN,NaN,NaN,NaN,NaN,NaN,0.0,0.0,0.0
77,04:50:56:85,6.0,0.0,7.2,-0.5834704184876793,1.3385206684131037,-0.24533248569651903,0.004953426180072623,-0.032694863686686865,-0.012395667626130645,-12.337501,-32.643753,-18.54375,-72.0,-75.0,-85.0,-81.0,-87.0,-87.0,-91.0,-91.0,-80.0,NaN,NaN,NaN,NaN,NaN,NaN,NaN,NaN,NaN,NaN,NaN,NaN,NaN,0.0,0.0,0.0
78,04:50:56:95,NaN,0.0,7.3125,-0.60633460845858,1.3278124235313904,-0.18044500432921384,-0.003571776813163458,-0.03720727694721199,-0.010354561518462473,-11.925,-33.206253,-19.875,-72.0,-75.0,-85.0,-81.0,-87.0,-87.0,-91.0,-91.0,-80.0,NaN,NaN,NaN,NaN,NaN,NaN,NaN,NaN,NaN,NaN,NaN,NaN,NaN,0.0,0.0,0.0
79,04:50:57:08,NaN,0.0,7.425,-0.6266038233376532,1.312294113671177,-0.14043327293532543,-0.008981781603135378,-0.0403967159412384,-0.005110309323259658,-13.500001,-33.6375,-21.69375,-72.0,-75.0,-85.0,-81.0,-87.0,-87.0,-91.0,-91.0,-80.0,NaN,NaN,NaN,NaN,NaN,NaN,NaN,NaN,NaN,NaN,NaN,NaN,NaN,0.0,0.0,0.0
80,04:50:57:21,NaN,0.0,7.5375,-0.6446881318525,1.29626648888476,-0.12783786809325812,-0.011272433980561566,-0.042033560149066417,0.0030496770138579102,-11.325001,-35.8125,-22.03125,-72.0,-75.0,-85.0,-81.0,-87.0,-87.0,-91.0,-91.0,-80.0,NaN,NaN,NaN,NaN,NaN,NaN,NaN,NaN,NaN,NaN,NaN,NaN,NaN,0.0,0.0,0.0
81,04:50:57:33,NaN,0.0,7.65,-0.6615129023744035,1.281782686597824,-0.1371199272866337,-0.011140730788086925,-0.04214594790839732,0.013248091832778426,-11.64375,-35.79375,-23.362501,-72.0,-75.0,-85.0,-81.0,-87.0,-87.0,-91.0,-91.0,-80.0,NaN,NaN,NaN,NaN,NaN,NaN,NaN,NaN,NaN,NaN,NaN,NaN,NaN,0.0,0.0,0.0
82,04:50:57:47,NaN,0.0,7.7625,-0.677872802478671,1.2677412760007893,-0.158524362160802,-0.009788976411187969,-0.04094927948927366,0.024142750915332932,-10.63125,-36.075,-22.85625,-72.0,-75.0,-85.0,-81.0,-87.0,-87.0,-91.0,-91.0,-80.0,NaN,NaN,NaN,NaN,NaN,NaN,NaN,NaN,NaN,NaN,NaN,NaN,NaN,0.0,0.0,0.0
83,04:50:57:66,NaN,0.0,7.875,-0.6937416159667854,1.2516838829896262,-0.18247135374511644,-0.008463718902622213,-0.03860625690521212,0.03421580853636053,-10.106251,-36.3375,-25.518751,-72.0,-75.0,-85.0,-81.0,-87.0,-87.0,-91.0,-91.0,-80.0,NaN,NaN,NaN,NaN,NaN,NaN,NaN,NaN,NaN,NaN,NaN,NaN,NaN,0.0,0.0,0.0
84,04:50:57:83,NaN,0.0,7.9875,-0.7077588139862884,1.2319907232389462,-0.20028522181346775,-0.007897843977761821,-0.035041359042860175,0.042064850904762176,-10.06875,-37.36875,-24.35625,-72.0,-75.0,-85.0,-81.0,-87.0,-87.0,-91.0,-91.0,-80.0,NaN,NaN,NaN,NaN,NaN,NaN,NaN,NaN,NaN,NaN,NaN,NaN,NaN,0.0,0.0,0.0
85,04:50:57:87,7.0,0.0,8.1,-0.7175295125749215,1.2083313394284858,-0.20486258054305637,-0.007855641044898116,-0.030001868993614074,0.04663006437237535,-10.387501,-36.46875,-26.00625,-72.0,-75.0,-85.0,-81.0,-87.0,-87.0,-91.0,-91.0,-80.0,NaN,NaN,NaN,NaN,NaN,NaN,NaN,NaN,NaN,NaN,NaN,NaN,NaN,0.0,0.0,0.0
86,04:50:57:96,NaN,0.0,8.242105263157894,-0.7208650615458294,1.180502573049628,-0.19338349057459386,-0.00731212560663184,-0.023330796198580684,0.047313423288462886,-10.012501,-36.018753,-27.993752,-72.0,-75.0,-85.0,-81.0,-87.0,-87.0,-91.0,-91.0,-80.0,NaN,NaN,NaN,NaN,NaN,NaN,NaN,NaN,NaN,NaN,NaN,NaN,NaN,0.0,0.0,0.0
87,04:50:58:09,NaN,0.0,8.384210526315789,-0.7166110470891477,1.1473917251541679,-0.16822275775043538,-0.005320562915530924,-0.015248566404228668,0.04399070614220158,-12.918751,-33.975002,-29.625002,-72.0,-75.0,-85.0,-81.0,-87.0,-87.0,-91.0,-91.0,-80.0,NaN,NaN,NaN,NaN,NaN,NaN,NaN,NaN,NaN,NaN,NaN,NaN,NaN,0.0,0.0,0.0
88,04:50:58:22,NaN,0.0,8.526315789473683,-0.7042102431741623,1.107411538062293,-0.1355716290277926,-0.0016876063033002082,-0.006431234386781835,0.036913152505286706,-13.218751,-33.54375,-29.94375,-72.0,-75.0,-85.0,-81.0,-87.0,-87.0,-91.0,-91.0,-80.0,NaN,NaN,NaN,NaN,NaN,NaN,NaN,NaN,NaN,NaN,NaN,NaN,NaN,0.0,0.0,0.0
89,04:50:58:35,NaN,0.0,8.66842105263158,-0.683032819120348,1.060289169865932,-0.10441110427903581,0.003097364626242104,0.0022150718169980307,0.026458249333355815,-11.0625,-33.975002,-28.462502,-72.0,-75.0,-85.0,-81.0,-87.0,-87.0,-91.0,-91.0,-80.0,NaN,NaN,NaN,NaN,NaN,NaN,NaN,NaN,NaN,NaN,NaN,NaN,NaN,0.0,0.0,0.0
90,04:50:58:48,NaN,0.0,8.810526315789474,-0.6526601277296881,1.0082980813057494,-0.08400584398221353,0.008384272079604845,0.009940029888451666,0.012789324330369061,-10.81875,-33.506252,-30.45,-72.0,-75.0,-85.0,-81.0,-87.0,-87.0,-91.0,-91.0,-80.0,NaN,NaN,NaN,NaN,NaN,NaN,NaN,NaN,NaN,NaN,NaN,NaN,NaN,0.0,0.0,0.0
91,04:50:58:66,NaN,0.0,8.952631578947368,-0.6138627566642652,0.9550287300963411,-0.07885887455609258,0.013784967757808771,0.016343290851058147,-0.004367853620290977,-9.39375,-34.95,-31.612501,-72.0,-75.0,-85.0,-81.0,-87.0,-87.0,-91.0,-91.0,-80.0,NaN,NaN,NaN,NaN,NaN,NaN,NaN,NaN,NaN,NaN,NaN,NaN,NaN,0.0,0.0,0.0
92,04:50:58:84,NaN,0.0,9.094736842105263,-0.5690106600004903,0.9032673714024545,-0.08642031928158388,0.019234297906844167,0.02128533999989677,-0.025706934971582166,-8.231251,-35.100002,-29.456251,-72.0,-75.0,-85.0,-81.0,-87.0,-87.0,-91.0,-91.0,-80.0,NaN,NaN,NaN,NaN,NaN,NaN,NaN,NaN,NaN,NaN,NaN,NaN,NaN,0.0,0.0,0.0
93,04:50:59:45,NaN,0.0,9.236842105263158,-0.5211052406739702,0.8549659009316694,-0.10083146714827285,0.0248064726790632,0.024672247282768688,-0.05218553062849578,-12.562501,-32.775,-31.931252,-78.0,-71.0,-85.0,-81.0,-85.0,-83.0,-91.0,-91.0,-80.0,-87.0,-92.0,-94.0,NaN,NaN,NaN,NaN,NaN,NaN,NaN,NaN,NaN,NaN,0.0,0.0,0.0
94,04:50:59:60,NaN,0.0,9.378947368421052,-0.47235096895911294,0.8127389853845497,-0.11818470873982168,0.030521932217101172,0.02621159267627695,-0.08486913181780964,-12.637501,-34.8375,-30.618752,-78.0,-71.0,-85.0,-81.0,-85.0,-83.0,-91.0,-91.0,-80.0,-87.0,-92.0,-94.0,NaN,NaN,NaN,NaN,NaN,NaN,NaN,NaN,NaN,NaN,0.0,0.0,0.0
95,04:50:59:78,NaN,0.0,9.521052631578947,-0.42401895363134495,0.7804658695844319,-0.13763087504043917,0.03627296471221633,0.025387286908664933,-0.12487223675942237,-11.85,-32.49375,-31.25625,-78.0,-71.0,-85.0,-81.0,-85.0,-83.0,-91.0,-91.0,-80.0,-87.0,-92.0,-94.0,NaN,NaN,NaN,NaN,NaN,NaN,NaN,NaN,NaN,NaN,0.0,0.0,0.0
96,04:50:59:91,NaN,0.0,9.663157894736843,-0.37746170100626936,0.7620016032490008,-0.15805625419527242,0.04180328488071603,0.021763718575067544,-0.17338017561689092,-11.512501,-33.956253,-30.45,-78.0,-71.0,-85.0,-81.0,-85.0,-83.0,-91.0,-91.0,-80.0,-87.0,-92.0,-94.0,NaN,NaN,NaN,NaN,NaN,NaN,NaN,NaN,NaN,NaN,0.0,0.0,0.0
97,04:51:00:06,NaN,0.0,9.805263157894737,-0.3343183102817026,0.7586815255357007,-0.17583438800814488,0.046794003336667916,0.015175557866004087,-0.23158186626878657,-10.51875,-34.95,-31.275002,-78.0,-71.0,-85.0,-81.0,-85.0,-83.0,-91.0,-91.0,-80.0,-87.0,-92.0,-94.0,NaN,NaN,NaN,NaN,NaN,NaN,NaN,NaN,NaN,NaN,0.0,0.0,0.0
98,04:51:00:21,NaN,0.0,9.947368421052632,-0.2955762317623741,0.7680290569775334,-0.18713687345068328,0.05101672679466813,0.005565852510862877,-0.3004400605158815,-9.637501,-35.550003,-29.79375,-78.0,-71.0,-85.0,-81.0,-85.0,-83.0,-91.0,-91.0,-80.0,-87.0,-92.0,-94.0,NaN,NaN,NaN,NaN,NaN,NaN,NaN,NaN,NaN,NaN,0.0,0.0,0.0
99,04:51:00:36,NaN,0.0,10.089473684210526,-0.26113109759300684,0.7852621338106536,-0.19052892745568326,0.054237787799322104,-0.007151109398535372,-0.3803051261315528,-9.075001,-35.7,-29.643751,-78.0,-71.0,-85.0,-81.0,-85.0,-83.0,-91.0,-91.0,-80.0,-87.0,-92.0,-94.0,NaN,NaN,NaN,NaN,NaN,NaN,NaN,NaN,NaN,NaN,0.0,0.0,0.0
100,04:51:00:51,NaN,0.0,10.23157894736842,-0.23035618845879366,0.8058409813913178,-0.18613130363997257,0.056012070534104536,-0.02304860788255768,-0.470369229181543,-8.1,-34.95,-29.625002,-78.0,-71.0,-85.0,-81.0,-85.0,-83.0,-91.0,-91.0,-80.0,-87.0,-92.0,-94.0,NaN,NaN,NaN,NaN,NaN,NaN,NaN,NaN,NaN,NaN,0.0,0.0,0.0
101,04:51:00:66,NaN,0.0,10.373684210526317,-0.20299140042064145,0.8261070643949527,-0.17327854624034755,0.05570874628565518,-0.04212277800689426,-0.5681352714103451,-10.81875,-37.350002,-27.000002,-78.0,-71.0,-85.0,-81.0,-85.0,-83.0,-91.0,-91.0,-80.0,-87.0,-92.0,-94.0,NaN,NaN,NaN,NaN,NaN,NaN,NaN,NaN,NaN,NaN,0.0,0.0,0.0
102,04:51:00:84,NaN,0.0,10.515789473684212,-0.1797417266807517,0.8418766404031173,-0.15010742420653495,0.052747970864224135,-0.06412970533807884,-0.6691466633498929,-9.675,-36.768753,-26.00625,-78.0,-71.0,-85.0,-81.0,-85.0,-83.0,-91.0,-91.0,-80.0,-87.0,-92.0,-94.0,NaN,NaN,NaN,NaN,NaN,NaN,NaN,NaN,NaN,NaN,0.0,0.0,0.0
103,04:51:01:02,NaN,0.0,10.657894736842106,-0.1621430617582273,0.8480322982787657,-0.11585592772210387,0.046891982007256076,-0.0883240553480297,-0.7670759143269251,-6.9750004,-37.050003,-24.69375,-78.0,-71.0,-85.0,-81.0,-85.0,-83.0,-91.0,-91.0,-80.0,-87.0,-92.0,-94.0,NaN,NaN,NaN,NaN,NaN,NaN,NaN,NaN,NaN,NaN,0.0,0.0,0.0
104,04:51:01:07,8.0,0.0,10.8,-0.152091274945501,0.8406657452741882,-0.0729906383257303,0.03828782064061521,-0.11334946986932003,-0.8541948369924638,-6.9187503,-38.8125,-23.550001,-78.0,-71.0,-85.0,-81.0,-85.0,-83.0,-91.0,-91.0,-80.0,-87.0,-92.0,-94.0,NaN,NaN,NaN,NaN,NaN,NaN,NaN,NaN,NaN,NaN,0.0,0.0,0.0
105,04:51:01:15,NaN,0.13333333333333333,10.8,-0.151653082195035,0.8195741246679367,-0.02695511462258764,0.027249492358067697,-0.13732940781034822,-0.9221309748650618,-5.0062504,-37.3125,-25.031252,-78.0,-71.0,-85.0,-81.0,-85.0,-83.0,-91.0,-91.0,-80.0,-87.0,-92.0,-94.0,NaN,NaN,NaN,NaN,NaN,NaN,NaN,NaN,NaN,NaN,0.0,0.0,0.0
106,04:51:01:28,NaN,0.26666666666666666,10.8,-0.16280446867263848,0.7884311083429385,0.016525229604501215,0.014205746355397118,-0.15805753778734108,-0.9628973072184932,1.1437501,-38.175003,-21.73125,-78.0,-71.0,-85.0,-81.0,-85.0,-83.0,-91.0,-91.0,-80.0,-87.0,-92.0,-94.0,NaN,NaN,NaN,NaN,NaN,NaN,NaN,NaN,NaN,NaN,0.0,0.0,0.0
107,04:51:01:42,NaN,0.4,10.8,-0.18663783111151816,0.7523734602564629,0.05511811849832801,-0.0002825799221723457,-0.17338017538106085,-0.9704004946475332,7.3500004,-37.425003,-19.743752,-78.0,-71.0,-85.0,-81.0,-85.0,-83.0,-91.0,-91.0,-80.0,-87.0,-92.0,-94.0,NaN,NaN,NaN,NaN,NaN,NaN,NaN,NaN,NaN,NaN,0.0,0.0,0.0
108,04:51:01:55,NaN,0.5333333333333333,10.8,-0.22232210775166406,0.7152814021877438,0.09063713952208742,-0.015605725738690034,-0.18178364086495255,-0.9420764506220468,14.475,-35.325,-20.550001,-78.0,-71.0,-85.0,-81.0,-85.0,-83.0,-91.0,-91.0,-80.0,-87.0,-92.0,-94.0,NaN,NaN,NaN,NaN,NaN,NaN,NaN,NaN,NaN,NaN,0.0,0.0,0.0
109,04:51:01:70,NaN,0.6666666666666666,10.8,-0.2662015230059812,0.6789928748735138,0.12569481447910869,-0.031016892800311495,-0.18294151971280703,-0.8798912623221281,20.681252,-30.018751,-20.325,-78.0,-71.0,-85.0,-81.0,-85.0,-83.0,-91.0,-91.0,-80.0,-87.0,-92.0,-94.0,NaN,NaN,NaN,NaN,NaN,NaN,NaN,NaN,NaN,NaN,0.0,0.0,0.0
110,04:51:01:89,NaN,0.8,10.8,-0.3119853714499723,0.6442966668015869,0.1606019010099227,-0.04570836906165918,-0.17780287841502215,-0.7903547258962266,24.656252,-20.362501,-21.900002,-78.0,-71.0,-85.0,-81.0,-85.0,-83.0,-91.0,-91.0,-80.0,-87.0,-92.0,-94.0,NaN,NaN,NaN,NaN,NaN,NaN,NaN,NaN,NaN,NaN,0.0,0.0,0.0
111,04:51:02:07,NaN,0.9333333333333333,10.8,-0.3530970992656186,0.6121111509909737,0.193748751872906,-0.059234425676051534,-0.16802520666989548,-0.6831536354517965,25.031252,-18.31875,-21.5625,-78.0,-71.0,-85.0,-81.0,-85.0,-83.0,-91.0,-91.0,-80.0,-87.0,-92.0,-94.0,NaN,NaN,NaN,NaN,NaN,NaN,NaN,NaN,NaN,NaN,0.0,0.0,0.0
112,04:51:02:26,NaN,1.0666666666666667,10.8,-0.3853697443029116,0.5832498986452311,0.22395894792786278,-0.07159826673349727,-0.155316469958171,-0.5685403799541375,23.643751,-19.650002,-21.5625,-78.0,-71.0,-85.0,-81.0,-85.0,-83.0,-91.0,-91.0,-80.0,-87.0,-92.0,-94.0,NaN,NaN,NaN,NaN,NaN,NaN,NaN,NaN,NaN,NaN,0.0,0.0,0.0
113,04:51:02:45,NaN,1.2,10.8,-0.40731053522250926,0.5571212419911665,0.25159790950644584,-0.08296127517328025,-0.14115494313439803,-0.4550849622248847,22.087502,-18.50625,-20.8875,-78.0,-71.0,-85.0,-81.0,-85.0,-83.0,-91.0,-91.0,-80.0,-87.0,-92.0,-94.0,NaN,NaN,NaN,NaN,NaN,NaN,NaN,NaN,NaN,NaN,0.0,0.0,0.0
114,04:51:02:58,NaN,1.3333333333333333,10.8,-0.41872731066781377,0.5321192579120861,0.27727780786733724,-0.09342775275320594,-0.12663935184808567,-0.3490226241368633,22.66875,-19.650002,-21.900002,-78.0,-71.0,-85.0,-81.0,-85.0,-83.0,-91.0,-91.0,-80.0,-87.0,-92.0,-94.0,NaN,NaN,NaN,NaN,NaN,NaN,NaN,NaN,NaN,NaN,0.0,0.0,0.0
115,04:51:03:29,NaN,1.4666666666666666,10.8,-0.4199718272963187,0.5081585017258565,0.300299110868227,-0.10284614132907217,-0.11234383939807085,-0.2546080233623945,23.625,-19.63125,-22.725,-78.0,-86.0,-77.0,-86.0,-89.0,-78.0,-92.0,-91.0,-80.0,-90.0,-92.0,-94.0,NaN,NaN,NaN,NaN,NaN,NaN,NaN,NaN,NaN,NaN,0.0,0.0,0.0
116,04:51:03:43,NaN,1.6,10.8,-0.41192314701506705,0.48793123665075305,0.31934066994860466,-0.1107284279785339,-0.0984115529437249,-0.17441035052588766,23.41875,-19.725,-26.85,-78.0,-86.0,-77.0,-86.0,-89.0,-78.0,-92.0,-91.0,-80.0,-90.0,-92.0,-94.0,NaN,NaN,NaN,NaN,NaN,NaN,NaN,NaN,NaN,NaN,0.0,0.0,0.0
117,04:51:03:59,NaN,1.7333333333333334,10.8,-0.39608724788558425,0.47490752593092467,0.33453552833359956,-0.11658248441771601,-0.08489800677989168,-0.10928165616518101,19.800001,-22.087502,-27.525002,-78.0,-86.0,-77.0,-86.0,-89.0,-78.0,-92.0,-91.0,-80.0,-90.0,-92.0,-94.0,NaN,NaN,NaN,NaN,NaN,NaN,NaN,NaN,NaN,NaN,0.0,0.0,0.0
118,04:51:03:77,NaN,1.8666666666666667,10.8,-0.3747786103803992,0.4706407816753523,0.34696726394925714,-0.12019778968089156,-0.07197533671194575,-0.05843671519579048,21.35625,-22.35,-28.2,-78.0,-86.0,-77.0,-86.0,-89.0,-78.0,-92.0,-91.0,-80.0,-90.0,-92.0,-94.0,NaN,NaN,NaN,NaN,NaN,NaN,NaN,NaN,NaN,NaN,0.0,0.0,0.0
119,04:51:03:97,NaN,2.0,10.8,-0.3510257948902559,0.4748354813415246,0.35494257891766334,-0.12135992589658497,-0.05981575582959734,-0.020031509023596877,22.875,-22.462502,-29.85,-78.0,-86.0,-77.0,-86.0,-89.0,-78.0,-92.0,-91.0,-80.0,-90.0,-92.0,-94.0,NaN,NaN,NaN,NaN,NaN,NaN,NaN,NaN,NaN,NaN,0.0,0.0,0.0
120,04:51:04:13,NaN,2.1333333333333333,10.8,-0.32801645301773025,0.4873953517977115,0.35323010046320474,-0.1196315967214443,-0.0484575155751935,0.00796483207059585,25.29375,-22.743752,-28.687502,-78.0,-86.0,-77.0,-86.0,-89.0,-78.0,-92.0,-91.0,-80.0,-90.0,-92.0,-94.0,NaN,NaN,NaN,NaN,NaN,NaN,NaN,NaN,NaN,NaN,0.0,0.0,0.0
121,04:51:04:31,NaN,2.2666666666666666,10.8,-0.3084982796552537,0.5088162171952936,0.3381272562395293,-0.11492241160718251,-0.03783476870205769,0.027116523821386955,26.343752,-21.69375,-31.500002,-78.0,-86.0,-77.0,-86.0,-89.0,-78.0,-92.0,-91.0,-80.0,-90.0,-92.0,-94.0,NaN,NaN,NaN,NaN,NaN,NaN,NaN,NaN,NaN,NaN,0.0,0.0,0.0
122,04:51:04:47,NaN,2.4,10.8,-0.2944663266866748,0.5384828974212755,0.310859803378142,-0.10804205335783526,-0.02777778239948958,0.03843063573881723,27.31875,-21.243752,-31.500002,-78.0,-86.0,-77.0,-86.0,-89.0,-78.0,-92.0,-91.0,-80.0,-90.0,-92.0,-94.0,NaN,NaN,NaN,NaN,NaN,NaN,NaN,NaN,NaN,NaN,0.0,0.0,0.0
123,04:51:04:62,NaN,2.533333333333333,10.8,-0.28718369802186006,0.5739239498706874,0.274291569572202,-0.1002703283583088,-0.017972103978794174,0.04277893918849132,27.13125,-24.88125,-31.518751,-78.0,-86.0,-77.0,-86.0,-89.0,-78.0,-92.0,-91.0,-80.0,-90.0,-92.0,-94.0,NaN,NaN,NaN,NaN,NaN,NaN,NaN,NaN,NaN,NaN,0.0,0.0,0.0
124,04:51:04:81,NaN,2.6666666666666665,10.8,-0.2870947142981269,0.6119159246159971,0.2296211643601075,-0.09262247110557388,-0.008146536379755754,0.041413710809675944,26.6625,-23.85,-33.16875,-78.0,-86.0,-77.0,-86.0,-89.0,-78.0,-92.0,-91.0,-80.0,-90.0,-92.0,-94.0,NaN,NaN,NaN,NaN,NaN,NaN,NaN,NaN,NaN,NaN,0.0,0.0,0.0
125,04:51:04:97,NaN,2.8,10.8,-0.29349724846235253,0.6490401218023781,0.17874348179981325,-0.0856802707287482,0.0016399866543581139,0.03609196215555008,26.437502,-24.900002,-31.518751,-78.0,-86.0,-77.0,-86.0,-89.0,-78.0,-92.0,-91.0,-80.0,-90.0,-92.0,-94.0,NaN,NaN,NaN,NaN,NaN,NaN,NaN,NaN,NaN,NaN,0.0,0.0,0.0
126,04:51:05:13,NaN,2.933333333333333,10.8,-0.30461275798875986,0.6810707309030849,0.12709480344812185,-0.07979111461575183,0.010983688054459026,0.028746746585773038,26.6625,-22.706251,-31.500002,-78.0,-86.0,-77.0,-86.0,-89.0,-78.0,-92.0,-91.0,-80.0,-90.0,-92.0,-94.0,NaN,NaN,NaN,NaN,NaN,NaN,NaN,NaN,NaN,NaN,0.0,0.0,0.0
127,04:51:05:29,NaN,3.0666666666666664,10.8,-0.3181653358306418,0.7034535828444233,0.08141294708610036,-0.0752199949264775,0.01938044681406931,0.02114358543884285,26.343752,-21.69375,-31.500002,-78.0,-86.0,-77.0,-86.0,-89.0,-78.0,-92.0,-91.0,-80.0,-90.0,-92.0,-94.0,NaN,NaN,NaN,NaN,NaN,NaN,NaN,NaN,NaN,NaN,0.0,0.0,0.0
128,04:51:05:43,9.0,3.2,10.8,-0.33215993445345937,0.7134290653206476,0.0458488871855427,-0.07206035126293138,0.026512590478804544,0.014737103306769073,27.843752,-19.63125,-32.1375,-78.0,-86.0,-77.0,-86.0,-89.0,-78.0,-92.0,-91.0,-80.0,-90.0,-92.0,-94.0,NaN,NaN,NaN,NaN,NaN,NaN,NaN,NaN,NaN,NaN,0.0,0.0,0.0
129,04:51:05:50,NaN,3.342857142857143,10.8,-0.34561581697497795,0.711715296834403,0.02156216538181796,-0.07009369794620321,0.03237444986170878,0.010576164756672944,26.437502,-19.368752,-30.806252,-78.0,-86.0,-77.0,-86.0,-89.0,-78.0,-92.0,-91.0,-80.0,-90.0,-92.0,-94.0,NaN,NaN,NaN,NaN,NaN,NaN,NaN,NaN,NaN,NaN,0.0,0.0,0.0
130,04:51:05:63,NaN,3.4857142857142858,10.8,-0.3584975267429662,0.7020785207152233,0.008616013928928598,-0.0689073083502884,0.03715605643587793,0.009206517654195112,28.81875,-18.337502,-30.806252,-78.0,-86.0,-77.0,-86.0,-89.0,-78.0,-92.0,-91.0,-80.0,-90.0,-92.0,-94.0,NaN,NaN,NaN,NaN,NaN,NaN,NaN,NaN,NaN,NaN,0.0,0.0,0.0
131,04:51:05:78,NaN,3.6285714285714286,10.8,-0.37079214315188175,0.6890273542966596,0.006130399001599705,-0.06800992322379917,0.04104980274279884,0.010608708280215283,27.487501,-16.0125,-31.44375,-78.0,-86.0,-77.0,-86.0,-89.0,-78.0,-92.0,-91.0,-80.0,-90.0,-92.0,-94.0,NaN,NaN,NaN,NaN,NaN,NaN,NaN,NaN,NaN,NaN,0.0,0.0,0.0
132,04:51:05:93,NaN,3.7714285714285714,10.8,-0.38208463285519706,0.6756758067003411,0.011002994286434272,-0.06681394287513837,0.04416555463392797,0.014204945284542515,27.31875,-14.700001,-30.45,-78.0,-86.0,-77.0,-86.0,-89.0,-78.0,-92.0,-91.0,-80.0,-90.0,-92.0,-94.0,NaN,NaN,NaN,NaN,NaN,NaN,NaN,NaN,NaN,NaN,0.0,0.0,0.0
133,04:51:06:09,NaN,3.9142857142857146,10.8,-0.3920802637861169,0.6637614704792448,0.01829964878121749,-0.06474869085035938,0.046587045340932234,0.019006214646849835,28.687502,-13.950001,-31.593752,-78.0,-86.0,-77.0,-86.0,-89.0,-78.0,-92.0,-91.0,-80.0,-90.0,-92.0,-94.0,NaN,NaN,NaN,NaN,NaN,NaN,NaN,NaN,NaN,NaN,0.0,0.0,0.0
134,04:51:06:26,NaN,4.057142857142857,10.8,-0.40103314348007313,0.6550900302208261,0.023419565325521627,-0.06138170335421495,0.04841671615906797,0.023951005806526426,27.225,-16.0125,-30.281252,-78.0,-86.0,-77.0,-86.0,-89.0,-78.0,-92.0,-91.0,-80.0,-90.0,-92.0,-94.0,NaN,NaN,NaN,NaN,NaN,NaN,NaN,NaN,NaN,NaN,0.0,0.0,0.0
135,04:51:06:42,NaN,4.2,10.8,-0.4097776354288141,0.6518069286657922,0.024438268884230698,-0.0565303688470278,0.04964618849258463,0.028335554777153403,23.94375,-16.59375,-32.943752,-78.0,-86.0,-77.0,-86.0,-89.0,-78.0,-92.0,-91.0,-80.0,-90.0,-92.0,-94.0,NaN,NaN,NaN,NaN,NaN,NaN,NaN,NaN,NaN,NaN,0.0,0.0,0.0
136,04:51:07:20,NaN,4.342857142857143,10.8,-0.4195878258003556,0.654976104005502,0.022870852153061647,-0.050457220322380474,0.05003652754287781,0.032007909819632405,21.900002,-14.56875,-34.237503,-82.0,-81.0,-84.0,-84.0,-87.0,-75.0,-91.0,-91.0,-78.0,-90.0,-92.0,-94.0,-93.0,NaN,NaN,NaN,NaN,NaN,NaN,NaN,NaN,NaN,0.0,0.0,0.0
137,04:51:07:36,NaN,4.485714285714286,10.8,-0.43142225544739776,0.6635608285111986,0.022213965961017854,-0.04381730606097063,0.04927734716699267,0.035044432752835857,22.59375,-17.212502,-30.7875,-82.0,-81.0,-84.0,-84.0,-87.0,-75.0,-91.0,-91.0,-78.0,-90.0,-92.0,-94.0,-93.0,NaN,NaN,NaN,NaN,NaN,NaN,NaN,NaN,NaN,0.0,0.0,0.0
138,04:51:07:52,NaN,4.628571428571428,10.8,-0.44513525055671777,0.6752130467398538,0.025735907150160244,-0.03730177122196372,0.047281531617497326,0.03725717711352746,24.281252,-18.35625,-32.11875,-82.0,-81.0,-84.0,-84.0,-87.0,-75.0,-91.0,-91.0,-78.0,-90.0,-92.0,-94.0,-93.0,NaN,NaN,NaN,NaN,NaN,NaN,NaN,NaN,NaN,0.0,0.0,0.0
139,04:51:07:68,NaN,4.771428571428571,10.8,-0.45972938062672347,0.6881416261237021,0.03523290367935153,-0.031418682854805244,0.044291628336133405,0.038189365918912394,22.875,-18.375,-31.63125,-82.0,-81.0,-84.0,-84.0,-87.0,-75.0,-91.0,-91.0,-78.0,-90.0,-92.0,-94.0,-93.0,NaN,NaN,NaN,NaN,NaN,NaN,NaN,NaN,NaN,0.0,0.0,0.0
140,04:51:07:84,NaN,4.914285714285715,10.8,-0.4740201169174045,0.7021472650450667,0.051850543323594886,-0.026652147644461197,0.04072852402879169,0.0375487271429021,20.400002,-21.0,-31.81875,-82.0,-81.0,-84.0,-84.0,-87.0,-75.0,-91.0,-91.0,-78.0,-90.0,-92.0,-94.0,-93.0,NaN,NaN,NaN,NaN,NaN,NaN,NaN,NaN,NaN,0.0,0.0,0.0
141,04:51:08:00,NaN,5.057142857142857,10.8,-0.48702554307375817,0.7176968233213579,0.07656528268718994,-0.02357115134390334,0.036949861833176084,0.03555285432470784,20.118752,-20.71875,-31.81875,-82.0,-81.0,-84.0,-84.0,-87.0,-75.0,-91.0,-91.0,-78.0,-90.0,-92.0,-94.0,-93.0,NaN,NaN,NaN,NaN,NaN,NaN,NaN,NaN,NaN,0.0,0.0,0.0
142,04:51:08:16,NaN,5.2,10.8,-0.4982169830116416,0.7343926802579089,0.10803436808533606,-0.022624775844030616,0.03305354026522311,0.03298472321597832,18.712502,-21.018751,-32.643753,-82.0,-81.0,-84.0,-84.0,-87.0,-75.0,-91.0,-91.0,-78.0,-90.0,-92.0,-94.0,-93.0,NaN,NaN,NaN,NaN,NaN,NaN,NaN,NaN,NaN,0.0,0.0,0.0
143,04:51:08:32,NaN,5.342857142857143,10.8,-0.5075311436639055,0.7512284677742467,0.14102753497908183,-0.02411106329238047,0.02879320773534561,0.030932012027224474,17.2875,-20.306252,-31.81875,-82.0,-81.0,-84.0,-84.0,-87.0,-75.0,-91.0,-91.0,-78.0,-90.0,-92.0,-94.0,-93.0,NaN,NaN,NaN,NaN,NaN,NaN,NaN,NaN,NaN,0.0,0.0,0.0
144,04:51:08:48,NaN,5.485714285714286,10.8,-0.5153684414491261,0.7680773752971454,0.16839639358010608,-0.028312472763718698,0.023711448031322958,0.03026620461991227,18.431252,-21.018751,-31.81875,-82.0,-81.0,-84.0,-84.0,-87.0,-75.0,-91.0,-91.0,-78.0,-90.0,-92.0,-94.0,-93.0,NaN,NaN,NaN,NaN,NaN,NaN,NaN,NaN,NaN,0.0,0.0,0.0
145,04:51:08:64,NaN,5.628571428571428,10.8,-0.5226709174781105,0.7852208552011122,0.1854509128855995,-0.03540650289361934,0.017433839666491296,0.03127479560725274,18.431252,-20.306252,-30.656252,-82.0,-81.0,-84.0,-84.0,-87.0,-75.0,-91.0,-91.0,-78.0,-90.0,-92.0,-94.0,-93.0,NaN,NaN,NaN,NaN,NaN,NaN,NaN,NaN,NaN,0.0,0.0,0.0
146,04:51:08:80,NaN,5.771428571428571,10.8,-0.5303823814689362,0.801169619798681,0.19247478934756848,-0.04537713219440353,0.00990288831311685,0.033680526556216714,17.98125,-22.96875,-28.5375,-82.0,-81.0,-84.0,-84.0,-87.0,-75.0,-91.0,-91.0,-78.0,-90.0,-92.0,-94.0,-93.0,NaN,NaN,NaN,NaN,NaN,NaN,NaN,NaN,NaN,0.0,0.0,0.0
147,04:51:08:96,NaN,5.914285714285715,10.8,-0.5384416610276197,0.812613434518061,0.19209663810191835,-0.05793648880333471,0.001493465281249492,0.036793536320773305,18.243752,-22.650002,-29.362501,-82.0,-81.0,-84.0,-84.0,-87.0,-75.0,-91.0,-91.0,-78.0,-90.0,-92.0,-94.0,-93.0,NaN,NaN,NaN,NaN,NaN,NaN,NaN,NaN,NaN,0.0,0.0,0.0
148,04:51:09:12,NaN,6.057142857142857,10.8,-0.5453825422314362,0.8170030499225128,0.1849663071515538,-0.07218882515550253,-0.006941409616985102,0.039650727336928336,17.90625,-25.29375,-27.562502,-82.0,-81.0,-84.0,-84.0,-87.0,-75.0,-91.0,-91.0,-78.0,-90.0,-92.0,-94.0,-93.0,NaN,NaN,NaN,NaN,NaN,NaN,NaN,NaN,NaN,0.0,0.0,0.0
149,04:51:09:20,10.0,6.2,10.8,-0.5488671261579718,0.8144471218958733,0.16945525208961526,-0.08656904308118046,-0.014210693611220779,0.04121191186003201,17.325,-25.143751,-28.556252,-82.0,-81.0,-84.0,-84.0,-87.0,-75.0,-91.0,-91.0,-78.0,-90.0,-92.0,-94.0,-93.0,NaN,NaN,NaN,NaN,NaN,NaN,NaN,NaN,NaN,0.0,0.0,0.0
150,04:51:09:27,NaN,6.342105263157895,10.8,-0.5466423415737963,0.8070631205525851,0.1450579953373731,-0.09941152877695399,-0.019246752932540787,0.04063990424217458,16.5,-26.325,-28.725,-82.0,-81.0,-84.0,-84.0,-87.0,-75.0,-91.0,-91.0,-78.0,-90.0,-92.0,-94.0,-93.0,NaN,NaN,NaN,NaN,NaN,NaN,NaN,NaN,NaN,0.0,0.0,0.0
151,04:51:09:40,NaN,6.48421052631579,10.8,-0.5371946824569289,0.7970617589414305,0.11413864797569416,-0.10937930854207621,-0.02161126559875526,0.03750537706796922,15.637501,-24.88125,-28.556252,-82.0,-81.0,-84.0,-84.0,-87.0,-75.0,-91.0,-91.0,-78.0,-90.0,-92.0,-94.0,-93.0,NaN,NaN,NaN,NaN,NaN,NaN,NaN,NaN,NaN,0.0,0.0,0.0
152,04:51:09:55,NaN,6.626315789473685,10.8,-0.5197514640684244,0.7856926989584784,0.08006985132888564,-0.11545146954442186,-0.021561765739176553,0.03168709922961653,15.1125,-26.625002,-28.725,-82.0,-81.0,-84.0,-84.0,-87.0,-75.0,-91.0,-91.0,-78.0,-90.0,-92.0,-94.0,-93.0,NaN,NaN,NaN,NaN,NaN,NaN,NaN,NaN,NaN,0.0,0.0,0.0
153,04:51:09:69,NaN,6.768421052631579,10.8,-0.4940151045248768,0.7737988125387705,0.04499075963218745,-0.11695431168431591,-0.019666325612331035,0.023034679142768508,15.6,-23.41875,-27.712502,-82.0,-81.0,-84.0,-84.0,-87.0,-75.0,-91.0,-91.0,-78.0,-90.0,-92.0,-94.0,-93.0,NaN,NaN,NaN,NaN,NaN,NaN,NaN,NaN,NaN,0.0,0.0,0.0
154,04:51:09:86,NaN,6.910526315789474,10.8,-0.4604021192759741,0.763051774158365,0.009891824289592673,-0.11367143415983534,-0.01643055065947503,0.011075742016707583,17.60625,-24.150002,-26.8875,-82.0,-81.0,-84.0,-84.0,-87.0,-75.0,-91.0,-91.0,-78.0,-90.0,-92.0,-94.0,-93.0,NaN,NaN,NaN,NaN,NaN,NaN,NaN,NaN,NaN,0.0,0.0,0.0
155,04:51:10:02,NaN,7.052631578947368,10.8,-0.42080811725417133,0.7558585006303388,-0.023055012562006448,-0.10593091045453043,-0.012253877047943935,-0.0050284267039032516,17.081251,-25.181252,-26.56875,-82.0,-81.0,-84.0,-84.0,-87.0,-75.0,-91.0,-91.0,-78.0,-90.0,-92.0,-94.0,-93.0,NaN,NaN,NaN,NaN,NaN,NaN,NaN,NaN,NaN,0.0,0.0,0.0
156,04:51:10:19,NaN,7.1947368421052635,10.8,-0.3786427102587691,0.7534532283216259,-0.04988639278925019,-0.09455360149806706,-0.0075240653573274575,-0.026323263072662938,17.325,-23.71875,-26.550001,-82.0,-81.0,-84.0,-84.0,-87.0,-75.0,-91.0,-91.0,-78.0,-90.0,-92.0,-94.0,-93.0,NaN,NaN,NaN,NaN,NaN,NaN,NaN,NaN,NaN,0.0,0.0,0.0
157,04:51:11:03,NaN,7.336842105263158,10.8,-0.33771459178561153,0.7547550191033455,-0.06819992335946894,-0.0804787728470904,-0.0026009190277916333,-0.05387015440479017,12.7875,-23.4375,-28.2,-76.0,-80.0,-86.0,-85.0,-83.0,-80.0,-89.0,-91.0,-74.0,-84.0,-92.0,-89.0,-93.0,-92.0,NaN,NaN,NaN,NaN,NaN,NaN,NaN,NaN,0.0,0.0,0.0
158,04:51:11:19,NaN,7.478947368421053,10.8,-0.30116778619377327,0.757654300307922,-0.07970385989167561,-0.06440988653885332,0.002168134309039141,-0.08856093112694893,12.50625,-23.025002,-27.375002,-76.0,-80.0,-86.0,-85.0,-83.0,-80.0,-89.0,-91.0,-74.0,-84.0,-92.0,-89.0,-93.0,-92.0,NaN,NaN,NaN,NaN,NaN,NaN,NaN,NaN,0.0,0.0,0.0
159,04:51:11:36,NaN,7.621052631578948,10.8,-0.27108076402484477,0.760814872061393,-0.08837629177017584,-0.046783874479357154,0.006307839539225336,-0.13108641380227218,11.8125,-23.475,-26.8875,-76.0,-80.0,-86.0,-85.0,-83.0,-80.0,-89.0,-91.0,-74.0,-84.0,-92.0,-89.0,-93.0,-92.0,NaN,NaN,NaN,NaN,NaN,NaN,NaN,NaN,0.0,0.0,0.0
160,04:51:11:53,NaN,7.7631578947368425,10.8,-0.2484417979336524,0.7633315408713323,-0.09608884812572616,-0.02794210263702233,0.009187475987748026,-0.18221813988737443,11.26875,-24.056252,-26.718752,-76.0,-80.0,-86.0,-85.0,-83.0,-80.0,-89.0,-91.0,-74.0,-84.0,-92.0,-89.0,-93.0,-92.0,NaN,NaN,NaN,NaN,NaN,NaN,NaN,NaN,0.0,0.0,0.0
161,04:51:11:70,NaN,7.905263157894737,10.8,-0.23326937339084075,0.7629213286015327,-0.10040803433118287,-0.008388131879723069,0.010210432846465195,-0.24297805997000696,9.618751,-25.10625,-25.9125,-76.0,-80.0,-86.0,-85.0,-83.0,-80.0,-89.0,-91.0,-74.0,-84.0,-92.0,-89.0,-93.0,-92.0,NaN,NaN,NaN,NaN,NaN,NaN,NaN,NaN,0.0,0.0,0.0
162,04:51:11:87,NaN,8.047368421052632,10.8,-0.22463865723715815,0.7559404132467497,-0.0974665830245184,0.011048821357982573,0.009007915473617569,-0.3142030775775442,8.925,-24.112501,-23.587502,-76.0,-80.0,-86.0,-85.0,-83.0,-80.0,-89.0,-91.0,-74.0,-84.0,-92.0,-89.0,-93.0,-92.0,NaN,NaN,NaN,NaN,NaN,NaN,NaN,NaN,0.0,0.0,0.0
163,04:51:12:04,NaN,8.189473684210526,10.8,-0.22069447224500804,0.739616106804581,-0.08549929157699877,0.029321623913503903,0.005474413823181895,-0.3958071014479354,9.712501,-26.737501,-23.2875,-76.0,-80.0,-86.0,-85.0,-83.0,-80.0,-89.0,-91.0,-74.0,-84.0,-92.0,-89.0,-93.0,-92.0,NaN,NaN,NaN,NaN,NaN,NaN,NaN,NaN,0.0,0.0,0.0
164,04:51:12:21,NaN,8.33157894736842,10.8,-0.21905908142542346,0.7134704845139908,-0.06487946854348121,0.04554498996047932,-0.00028691050134433554,-0.4863095322308622,9.8625,-26.8875,-22.612501,-76.0,-80.0,-86.0,-85.0,-83.0,-80.0,-89.0,-91.0,-74.0,-84.0,-92.0,-89.0,-93.0,-92.0,NaN,NaN,NaN,NaN,NaN,NaN,NaN,NaN,0.0,0.0,0.0
165,04:51:12:38,NaN,8.473684210526315,10.8,-0.21755339228749485,0.6784258866100656,-0.0375104278562038,0.05942678653555756,-0.008066070849321389,-0.582681578421304,12.243751,-26.868752,-22.95,-76.0,-80.0,-86.0,-85.0,-83.0,-80.0,-89.0,-91.0,-74.0,-84.0,-92.0,-89.0,-93.0,-92.0,NaN,NaN,NaN,NaN,NaN,NaN,NaN,NaN,0.0,0.0,0.0
166,04:51:12:55,NaN,8.61578947368421,10.8,-0.21482975309227925,0.6354694473330711,-0.007365852978098486,0.07128496944943974,-0.017657908151758595,-0.6802821937237132,11.887501,-23.5125,-22.9125,-76.0,-80.0,-86.0,-85.0,-83.0,-80.0,-89.0,-91.0,-74.0,-84.0,-92.0,-89.0,-93.0,-92.0,NaN,NaN,NaN,NaN,NaN,NaN,NaN,NaN,0.0,0.0,0.0
167,04:51:12:72,NaN,8.757894736842106,10.8,-0.2107396985861301,0.5860793057114029,0.019918285673452583,0.08164212844032705,-0.028802819084157664,-0.772871841707451,14.212501,-21.018751,-22.893751,-76.0,-80.0,-86.0,-85.0,-83.0,-80.0,-89.0,-91.0,-74.0,-84.0,-92.0,-89.0,-93.0,-92.0,NaN,NaN,NaN,NaN,NaN,NaN,NaN,NaN,0.0,0.0,0.0
168,04:51:12:81,11.0,8.9,10.8,-0.20648746336471813,0.5335930000786344,0.03886107804917286,0.09100626309199318,-0.04097602547989669,-0.8528962381129008,15.675,-22.7625,-22.9125,-76.0,-80.0,-86.0,-85.0,-83.0,-80.0,-89.0,-91.0,-74.0,-84.0,-92.0,-89.0,-93.0,-92.0,NaN,NaN,NaN,NaN,NaN,NaN,NaN,NaN,0.0,0.0,0.0
169,04:51:12:89,NaN,8.9,10.631250000000001,-0.2046287314065432,0.4832314412760058,0.04608858627823,0.09986301529222791,-0.05324493766289327,-0.9121353916555883,18.1875,-21.13125,-22.40625,-76.0,-80.0,-86.0,-85.0,-83.0,-80.0,-89.0,-91.0,-74.0,-84.0,-92.0,-89.0,-93.0,-92.0,NaN,NaN,NaN,NaN,NaN,NaN,NaN,NaN,0.0,0.0,0.0
170,04:51:13:03,NaN,8.9,10.4625,-0.20828345392850267,0.4405147848988336,0.04141218952848095,0.10850603270452627,-0.06421850461531393,-0.9427959648488162,19.59375,-17.025002,-24.187502,-76.0,-80.0,-86.0,-85.0,-83.0,-80.0,-89.0,-91.0,-74.0,-84.0,-92.0,-89.0,-93.0,-92.0,NaN,NaN,NaN,NaN,NaN,NaN,NaN,NaN,0.0,0.0,0.0
171,04:51:13:18,NaN,8.9,10.293750000000001,-0.21911379800021324,0.409772767680178,0.027101820531976475,0.11696700235862892,-0.0721409817574744,-0.9392150733558738,20.8125,-11.025001,-26.437502,-76.0,-80.0,-86.0,-85.0,-83.0,-80.0,-89.0,-91.0,-74.0,-84.0,-92.0,-89.0,-93.0,-92.0,NaN,NaN,NaN,NaN,NaN,NaN,NaN,NaN,0.0,0.0,0.0
172,04:51:13:32,NaN,8.9,10.125,-0.23552776185030025,0.3937985789208564,0.005941936802019877,0.12514151245282068,-0.07544340435801349,-0.8998469192272192,18.393751,-5.0625,-27.393751,-76.0,-80.0,-86.0,-85.0,-83.0,-80.0,-89.0,-91.0,-74.0,-84.0,-92.0,-89.0,-93.0,-92.0,NaN,NaN,NaN,NaN,NaN,NaN,NaN,NaN,0.0,0.0,0.0
173,04:51:13:49,NaN,8.9,9.95625,-0.2532445285568554,0.3938612580943955,-0.019772724035231,0.13270051146668407,-0.07354524109108383,-0.8284348031809576,15.843751,1.6125001,-27.000002,-76.0,-80.0,-86.0,-85.0,-83.0,-80.0,-89.0,-91.0,-74.0,-84.0,-92.0,-89.0,-93.0,-92.0,NaN,NaN,NaN,NaN,NaN,NaN,NaN,NaN,0.0,0.0,0.0
174,04:51:13:67,NaN,8.9,9.787500000000001,-0.2682533199513809,0.4094792381734751,-0.04790184670303923,0.13892328930571857,-0.06703188001506846,-0.7333096473720926,13.63125,6.24375,-26.1375,-76.0,-80.0,-86.0,-85.0,-83.0,-80.0,-89.0,-91.0,-74.0,-84.0,-92.0,-89.0,-93.0,-92.0,NaN,NaN,NaN,NaN,NaN,NaN,NaN,NaN,0.0,0.0,0.0
175,04:51:13:85,NaN,8.9,9.61875,-0.27944339792081674,0.43846471098461015,-0.07583066009630292,0.14293458804773823,-0.057156600623543975,-0.6248646477623926,14.718751,7.275,-26.94375,-76.0,-80.0,-86.0,-85.0,-83.0,-80.0,-89.0,-91.0,-74.0,-84.0,-92.0,-89.0,-93.0,-92.0,NaN,NaN,NaN,NaN,NaN,NaN,NaN,NaN,0.0,0.0,0.0
176,04:51:14:01,NaN,8.9,9.450000000000001,-0.28857678685459814,0.477401612363074,-0.10016424677421058,0.1441460947234231,-0.04539125128836207,-0.5127205375205874,15.656251,8.043751,-28.931252,-76.0,-80.0,-86.0,-85.0,-83.0,-80.0,-89.0,-91.0,-74.0,-84.0,-92.0,-89.0,-93.0,-92.0,NaN,NaN,NaN,NaN,NaN,NaN,NaN,NaN,0.0,0.0,0.0
177,04:51:15:26,NaN,8.9,9.281250000000002,-0.2984072932930059,0.5223193981204062,-0.11736125481871021,0.14238999281090053,-0.033141206543511006,-0.40420457291900397,17.025002,5.925,-34.3875,-78.0,-87.0,-79.0,-85.0,-90.0,-80.0,-93.0,-91.0,-77.0,-88.0,-93.0,-92.0,-93.0,-91.0,-88.0,-92.0,-95.0,NaN,NaN,NaN,NaN,NaN,0.0,0.0,0.0
178,04:51:15:43,NaN,8.9,9.1125,-0.31111105774048153,0.5693305294107672,-0.12520447523544237,0.1377826267399807,-0.021499267850460805,-0.3042003320675038,15.468751,5.49375,-35.381252,-78.0,-87.0,-79.0,-85.0,-90.0,-80.0,-93.0,-91.0,-77.0,-88.0,-93.0,-92.0,-93.0,-91.0,-88.0,-92.0,-95.0,NaN,NaN,NaN,NaN,NaN,0.0,0.0,0.0
179,04:51:15:60,NaN,8.9,8.943750000000001,-0.3280522808973105,0.6153952096092035,-0.12361631754956263,0.13056032637751663,-0.01113345073778575,-0.21553507162466076,14.3625,4.7625003,-35.4,-78.0,-87.0,-79.0,-85.0,-90.0,-80.0,-93.0,-91.0,-77.0,-88.0,-93.0,-92.0,-93.0,-91.0,-88.0,-92.0,-95.0,NaN,NaN,NaN,NaN,NaN,0.0,0.0,0.0
180,04:51:15:77,NaN,8.9,8.775000000000002,-0.3500868697681269,0.6591402211472505,-0.11354478030874547,0.12102008229237284,-0.0023123672408565917,-0.13954750604049368,13.950001,5.8875003,-32.90625,-78.0,-87.0,-79.0,-85.0,-90.0,-80.0,-93.0,-91.0,-77.0,-88.0,-93.0,-92.0,-93.0,-91.0,-88.0,-92.0,-95.0,NaN,NaN,NaN,NaN,NaN,0.0,0.0,0.0
181,04:51:15:95,NaN,8.9,8.606250000000001,-0.3773278543827208,0.7003385676057432,-0.09540739415536305,0.10965366477657036,0.0049728322124347035,-0.0767186565522829,14.400001,3.2812502,-34.256252,-78.0,-87.0,-79.0,-85.0,-90.0,-80.0,-93.0,-91.0,-77.0,-88.0,-93.0,-92.0,-93.0,-91.0,-88.0,-92.0,-95.0,NaN,NaN,NaN,NaN,NaN,0.0,0.0,0.0
182,04:51:16:13,NaN,8.9,8.437500000000002,-0.40887435494131785,0.7384158989198675,-0.06962926114450468,0.09723915055275094,0.010880113004426442,-0.027095081088338135,14.1,4.2937503,-33.91875,-78.0,-87.0,-79.0,-85.0,-90.0,-80.0,-93.0,-91.0,-77.0,-88.0,-93.0,-92.0,-93.0,-91.0,-88.0,-92.0,-95.0,NaN,NaN,NaN,NaN,NaN,0.0,0.0,0.0
183,04:51:16:30,NaN,8.9,8.26875,-0.44300715212669867,0.7726825350905594,-0.03809815759627791,0.08470833068613778,0.015672089118979122,0.009595082044239556,13.856251,2.5500002,-34.256252,-78.0,-87.0,-79.0,-85.0,-90.0,-80.0,-93.0,-91.0,-77.0,-88.0,-93.0,-92.0,-93.0,-91.0,-88.0,-92.0,-95.0,NaN,NaN,NaN,NaN,NaN,0.0,0.0,0.0
184,04:51:16:47,12.0,8.9,8.100000000000001,-0.477322687439572,0.8040320312211136,-0.0036063921886257686,0.07303689560125509,0.01965253683904101,0.033997741604482774,13.593751,3.1125002,-32.925003,-78.0,-87.0,-79.0,-85.0,-90.0,-80.0,-93.0,-91.0,-77.0,-88.0,-93.0,-92.0,-93.0,-91.0,-88.0,-92.0,-95.0,NaN,NaN,NaN,NaN,NaN,0.0,0.0,0.0
185,04:51:16:56,NaN,8.9,8.000000000000002,-0.5090914276437658,0.8349446858052038,0.0319234169259584,0.06311431781743833,0.02290470100784512,0.04726965168494874,12.0,4.70625,-32.756252,-78.0,-87.0,-79.0,-85.0,-90.0,-80.0,-93.0,-91.0,-77.0,-88.0,-93.0,-92.0,-93.0,-91.0,-88.0,-92.0,-95.0,NaN,NaN,NaN,NaN,NaN,0.0,0.0,0.0
186,04:51:16:71,NaN,8.9,7.900000000000001,-0.5361136263758012,0.8673312716356705,0.06737964816067267,0.055380677942961816,0.02506819748443271,0.051224566877769176,12.712501,3.99375,-33.09375,-78.0,-87.0,-79.0,-85.0,-90.0,-80.0,-93.0,-91.0,-77.0,-88.0,-93.0,-92.0,-93.0,-91.0,-88.0,-92.0,-95.0,NaN,NaN,NaN,NaN,NaN,0.0,0.0,0.0
187,04:51:16:86,NaN,8.9,7.800000000000001,-0.5569638300460904,0.9009806857288535,0.10044329218068201,0.04961204251564702,0.02547768173644193,0.04827812129452566,12.58125,4.425,-32.925003,-78.0,-87.0,-79.0,-85.0,-90.0,-80.0,-93.0,-91.0,-77.0,-88.0,-93.0,-92.0,-93.0,-91.0,-88.0,-92.0,-95.0,NaN,NaN,NaN,NaN,NaN,0.0,0.0,0.0
188,04:51:17:01,NaN,8.9,7.7,-0.5705218550824732,0.9342581986211678,0.12649988130743284,0.04523581958952759,0.023493687422615595,0.04108445383803716,13.425,4.70625,-32.25,-78.0,-87.0,-79.0,-85.0,-90.0,-80.0,-93.0,-91.0,-77.0,-88.0,-93.0,-92.0,-93.0,-91.0,-88.0,-92.0,-95.0,NaN,NaN,NaN,NaN,NaN,0.0,0.0,0.0
189,04:51:17:19,NaN,8.9,7.6000000000000005,-0.5759818216008776,0.96567608111478,0.14030798550240667,0.04194974158381965,0.018871821544077697,0.032050991112582555,15.450001,3.4125001,-31.275002,-78.0,-87.0,-79.0,-85.0,-90.0,-80.0,-93.0,-91.0,-77.0,-88.0,-93.0,-92.0,-93.0,-91.0,-88.0,-92.0,-95.0,NaN,NaN,NaN,NaN,NaN,0.0,0.0,0.0
190,04:51:17:37,NaN,8.9,7.5,-0.5732802713233948,0.993960599824937,0.13925637582086497,0.04000721499605581,0.01196592454096225,0.022934651790018364,16.650002,3.8812501,-34.0875,-78.0,-87.0,-79.0,-85.0,-90.0,-80.0,-93.0,-91.0,-77.0,-88.0,-93.0,-92.0,-93.0,-91.0,-88.0,-92.0,-95.0,NaN,NaN,NaN,NaN,NaN,0.0,0.0,0.0
191,04:51:17:54,NaN,8.9,7.3999999999999995,-0.563126679274614,1.0167998253663697,0.12475487377433603,0.03983325620005433,0.0035195588353737718,0.014652960759565287,17.7,6.675,-34.893753,-78.0,-87.0,-79.0,-85.0,-90.0,-80.0,-93.0,-91.0,-77.0,-88.0,-93.0,-92.0,-93.0,-91.0,-88.0,-92.0,-95.0,NaN,NaN,NaN,NaN,NaN,0.0,0.0,0.0
192,04:51:17:71,NaN,8.9,7.3,-0.5466234560751909,1.0309396553289287,0.09992567514920271,0.041591208577639885,-0.005604294887923663,0.00743053099170688,17.2875,7.0875,-33.73125,-78.0,-87.0,-79.0,-85.0,-90.0,-80.0,-93.0,-91.0,-77.0,-88.0,-93.0,-92.0,-93.0,-91.0,-88.0,-92.0,-95.0,NaN,NaN,NaN,NaN,NaN,0.0,0.0,0.0
193,04:51:17:81,13.0,8.9,7.199999999999999,-0.5248395020671794,1.0342890532772058,0.067174926490062,0.045252955546445386,-0.014524192697342553,0.0011438907907564935,17.00625,6.3562503,-34.068752,-78.0,-87.0,-79.0,-85.0,-90.0,-80.0,-93.0,-91.0,-77.0,-88.0,-93.0,-92.0,-93.0,-91.0,-88.0,-92.0,-95.0,NaN,NaN,NaN,NaN,NaN,0.0,0.0,0.0
194,04:51:17:91,NaN,8.9,7.036363636363636,-0.4989012355787738,1.0276838812213842,0.029069087301471445,0.05067642908677208,-0.022521517777915657,-0.00435393806082698,17.00625,7.36875,-33.225002,-78.0,-87.0,-79.0,-85.0,-90.0,-80.0,-93.0,-91.0,-77.0,-88.0,-93.0,-92.0,-93.0,-91.0,-88.0,-92.0,-95.0,NaN,NaN,NaN,NaN,NaN,0.0,0.0,0.0
195,04:51:18:62,NaN,8.9,6.872727272727272,-0.47089906298412426,1.0145684341639074,-0.009672622767084743,0.05728550226378549,-0.02919147330248713,-0.008990396260485567,16.2,8.868751,-36.84375,-72.0,-85.0,-79.0,-73.0,-80.0,-84.0,-89.0,-91.0,-81.0,-84.0,-93.0,-95.0,-93.0,-91.0,-88.0,-92.0,-95.0,-96.0,NaN,NaN,NaN,NaN,0.0,0.0,0.0
196,04:51:18:78,NaN,8.9,6.709090909090909,-0.44436814776727884,0.9993078248789435,-0.04237348452003758,0.06395076660202266,-0.03434957646596307,-0.012513974109657234,13.70625,8.25,-35.04375,-72.0,-85.0,-79.0,-73.0,-80.0,-84.0,-89.0,-91.0,-81.0,-84.0,-93.0,-95.0,-93.0,-91.0,-88.0,-92.0,-95.0,-96.0,NaN,NaN,NaN,NaN,0.0,0.0,0.0
197,04:51:18:96,NaN,8.9,6.545454545454545,-0.4232121448742583,0.9853913552789738,-0.06280777751495854,0.06941285949491005,-0.03794591121257674,-0.014853483492869234,13.668751,8.700001,-36.693752,-72.0,-85.0,-79.0,-73.0,-80.0,-84.0,-89.0,-91.0,-81.0,-84.0,-93.0,-95.0,-93.0,-91.0,-88.0,-92.0,-95.0,-96.0,NaN,NaN,NaN,NaN,0.0,0.0,0.0
198,04:51:19:13,NaN,8.9,6.381818181818182,-0.4101896575381827,0.9743635346146344,-0.06753624675667198,0.07255713206226447,-0.040131006319630035,-0.01630355979738866,14.775001,9.58125,-37.18125,-72.0,-85.0,-79.0,-73.0,-80.0,-84.0,-89.0,-91.0,-81.0,-84.0,-93.0,-95.0,-93.0,-91.0,-88.0,-92.0,-95.0,-96.0,NaN,NaN,NaN,NaN,0.0,0.0,0.0
199,04:51:19:31,NaN,8.9,6.218181818181818,-0.40631492762104665,0.9663987931321263,-0.056335941751435734,0.07228665597619605,-0.04119483754346377,-0.01729350944903598,13.70625,7.51875,-36.206253,-72.0,-85.0,-79.0,-73.0,-80.0,-84.0,-89.0,-91.0,-81.0,-84.0,-93.0,-95.0,-93.0,-91.0,-88.0,-92.0,-95.0,-96.0,NaN,NaN,NaN,NaN,0.0,0.0,0.0
200,04:51:19:49,NaN,8.9,6.054545454545455,-0.41095497689099636,0.9615462613704142,-0.031028495318556393,0.06769580622773792,-0.041321693057516214,-0.018104756967921277,13.481251,5.625,-35.71875,-72.0,-85.0,-79.0,-73.0,-80.0,-84.0,-89.0,-91.0,-81.0,-84.0,-93.0,-95.0,-93.0,-91.0,-88.0,-92.0,-95.0,-96.0,NaN,NaN,NaN,NaN,0.0,0.0,0.0
201,04:51:19:68,NaN,8.9,5.890909090909091,-0.4221600048287417,0.9595647881432784,0.005267660226790178,0.058675921680483384,-0.04051951537958471,-0.018738385489332432,12.356251,5.4750004,-36.225002,-72.0,-85.0,-79.0,-73.0,-80.0,-84.0,-89.0,-91.0,-81.0,-84.0,-93.0,-95.0,-93.0,-91.0,-88.0,-92.0,-95.0,-96.0,NaN,NaN,NaN,NaN,0.0,0.0,0.0
202,04:51:19:85,NaN,8.9,5.7272727272727275,-0.4372464655181323,0.9591833521281716,0.04749584398509742,0.04615182892946885,-0.03876759709612569,-0.018846969706006265,10.6875,5.025,-35.4,-72.0,-85.0,-79.0,-73.0,-80.0,-84.0,-89.0,-91.0,-81.0,-84.0,-93.0,-95.0,-93.0,-91.0,-88.0,-92.0,-95.0,-96.0,NaN,NaN,NaN,NaN,0.0,0.0,0.0
203,04:51:20:03,NaN,8.9,5.5636363636363635,-0.4535963967019008,0.9589574050092015,0.08837862134563147,0.03168632934578059,-0.03605597622136477,-0.01785153398293083,11.6625,4.74375,-35.8875,-72.0,-85.0,-79.0,-73.0,-80.0,-84.0,-89.0,-91.0,-81.0,-84.0,-93.0,-95.0,-93.0,-91.0,-88.0,-92.0,-95.0,-96.0,NaN,NaN,NaN,NaN,0.0,0.0,0.0
204,04:51:20:14,14.0,8.9,5.4,-0.46940081804341777,0.9591409653995359,0.12017357718954529,0.016971676246350254,-0.03234048831890357,-0.015272809860295887,10.3125,2.98125,-35.41875,-72.0,-85.0,-79.0,-73.0,-80.0,-84.0,-89.0,-91.0,-81.0,-84.0,-93.0,-95.0,-93.0,-91.0,-88.0,-92.0,-95.0,-96.0,NaN,NaN,NaN,NaN,0.0,0.0,0.0
205,04:51:20:25,NaN,8.9,5.300000000000001,-0.4839242938818303,0.9621179356205395,0.13741897286997581,0.0034406858778460473,-0.027658114929311924,-0.010985130284964081,8.55,6.01875,-35.0625,-72.0,-85.0,-79.0,-73.0,-80.0,-84.0,-89.0,-91.0,-81.0,-84.0,-93.0,-95.0,-93.0,-91.0,-88.0,-92.0,-95.0,-96.0,NaN,NaN,NaN,NaN,0.0,0.0,0.0
206,04:51:20:40,NaN,8.9,5.2,-0.49721447694772813,0.9705352216955938,0.1379766267575045,-0.007941427067342001,-0.0222810972585554,-0.005310093781610266,10.35,7.05,-35.2125,-72.0,-85.0,-79.0,-73.0,-80.0,-84.0,-89.0,-91.0,-81.0,-84.0,-93.0,-95.0,-93.0,-91.0,-88.0,-92.0,-95.0,-96.0,NaN,NaN,NaN,NaN,0.0,0.0,0.0
207,04:51:20:56,NaN,8.9,5.1000000000000005,-0.5096558725149255,0.9852026920944758,0.12152673870912478,-0.016722656944023223,-0.016623314202517853,0.0009190274536105896,9.7875,6.3187504,-36.037502,-72.0,-85.0,-79.0,-73.0,-80.0,-84.0,-89.0,-91.0,-81.0,-84.0,-93.0,-95.0,-93.0,-91.0,-88.0,-92.0,-95.0,-96.0,NaN,NaN,NaN,NaN,0.0,0.0,0.0
208,04:51:20:72,NaN,8.9,5.0,-0.5215046359101954,1.005293788731008,0.08734567136990512,-0.02301332431751366,-0.01100221745861953,0.006452985451444777,9.0375,8.793751,-35.193752,-72.0,-85.0,-79.0,-73.0,-80.0,-84.0,-89.0,-91.0,-81.0,-84.0,-93.0,-95.0,-93.0,-91.0,-88.0,-92.0,-95.0,-96.0,NaN,NaN,NaN,NaN,0.0,0.0,0.0
209,04:51:20:90,NaN,8.9,4.9,-0.5324850473028548,1.0300267222401038,0.03414268761432996,-0.027380861150586838,-0.005564956299716396,0.01002694522037285,12.637501,7.18125,-33.05625,-72.0,-85.0,-79.0,-73.0,-80.0,-84.0,-89.0,-91.0,-81.0,-84.0,-93.0,-95.0,-93.0,-91.0,-88.0,-92.0,-95.0,-96.0,NaN,NaN,NaN,NaN,0.0,0.0,0.0
210,04:51:21:08,NaN,8.9,4.8,-0.5419143795732954,1.0587063730426955,-0.036782073574775975,-0.030634046442868164,-0.0004027465121467075,0.010870437175997416,13.25625,4.14375,-34.0875,-72.0,-85.0,-79.0,-73.0,-80.0,-84.0,-89.0,-91.0,-81.0,-84.0,-93.0,-95.0,-93.0,-91.0,-88.0,-92.0,-95.0,-96.0,NaN,NaN,NaN,NaN,0.0,0.0,0.0
211,04:51:21:26,NaN,8.9,4.7,-0.5493500214694642,1.089110272455525,-0.11915864417134767,-0.03368317790573165,0.00433508459873454,0.009047128696493194,14.6625,3.16875,-36.075,-72.0,-85.0,-79.0,-73.0,-80.0,-84.0,-89.0,-91.0,-81.0,-84.0,-93.0,-95.0,-93.0,-91.0,-88.0,-92.0,-95.0,-96.0,NaN,NaN,NaN,NaN,0.0,0.0,0.0
212,04:51:21:44,NaN,8.9,4.6,-0.5549783076934299,1.117416271490738,-0.20428470568248905,-0.03726381392551116,0.008475432092556167,0.005417817120268991,15.39375,2.0062501,-36.412502,-72.0,-85.0,-79.0,-73.0,-80.0,-84.0,-89.0,-91.0,-81.0,-84.0,-93.0,-95.0,-93.0,-91.0,-88.0,-92.0,-95.0,-96.0,NaN,NaN,NaN,NaN,0.0,0.0,0.0
213,04:51:21:60,15.0,8.9,4.5,-0.5594856758115531,1.1405649367530575,-0.2847933921356848,-0.041653148148298964,0.011966246456623824,0.0011871087790808373,16.78125,1.8937501,-37.40625,-72.0,-85.0,-79.0,-73.0,-80.0,-84.0,-89.0,-91.0,-81.0,-84.0,-93.0,-95.0,-93.0,-91.0,-88.0,-92.0,-95.0,-96.0,NaN,NaN,NaN,NaN,0.0,0.0,0.0
214,04:51:21:87,NaN,8.9,4.25,-0.5639517805399459,1.1581972642955116,-0.3550258167596361,-0.04683217164316784,0.014930075282471155,-0.0026704755314898307,17.118752,5.8125,-37.03125,-70.0,-86.0,-87.0,-79.0,-81.0,-84.0,-87.0,-92.0,-80.0,-86.0,-93.0,-88.0,-93.0,-91.0,-88.0,-92.0,-95.0,-96.0,NaN,NaN,NaN,NaN,0.0,0.0,0.0
215,04:51:22:57,NaN,8.9,4.0,-0.5697291615223978,1.171810163654844,-0.4099560491934861,-0.05287643034803683,0.017570578020270875,-0.005702283650652609,14.175,7.3500004,-33.73125,-70.0,-86.0,-87.0,-79.0,-81.0,-84.0,-87.0,-92.0,-80.0,-86.0,-93.0,-88.0,-93.0,-91.0,-88.0,-92.0,-95.0,-96.0,NaN,NaN,NaN,NaN,0.0,0.0,0.0
216,04:51:22:72,NaN,8.9,3.75,-0.5780171975694761,1.1825337833821123,-0.44612860583011504,-0.059894798022262385,0.020084444335609894,-0.007777335545322226,13.2375,5.175,-34.068752,-70.0,-86.0,-87.0,-79.0,-81.0,-84.0,-87.0,-92.0,-80.0,-86.0,-93.0,-88.0,-93.0,-91.0,-88.0,-92.0,-95.0,-96.0,NaN,NaN,NaN,NaN,0.0,0.0,0.0
217,04:51:22:90,NaN,8.9,3.5,-0.5894180834519203,1.1904830517660832,-0.46338225855206944,-0.06750534944479104,0.022663767796643294,-0.00856780319281728,11.7375,3.9750001,-32.756252,-70.0,-86.0,-87.0,-79.0,-81.0,-84.0,-87.0,-92.0,-80.0,-86.0,-93.0,-88.0,-93.0,-91.0,-88.0,-92.0,-95.0,-96.0,NaN,NaN,NaN,NaN,0.0,0.0,0.0
218,04:51:23:10,NaN,8.9,3.25,-0.6038697739025936,1.1960443468331698,-0.46414230307068555,-0.07464718442406283,0.025547628578313275,-0.007301072200614376,13.6125,3.3937502,-31.612501,-70.0,-86.0,-87.0,-79.0,-81.0,-84.0,-87.0,-92.0,-80.0,-86.0,-93.0,-88.0,-93.0,-91.0,-88.0,-92.0,-95.0,-96.0,NaN,NaN,NaN,NaN,0.0,0.0,0.0
219,04:51:23:22,16.0,8.9,3.0,-0.621062867762334,1.2007870131229577,-0.4508364605267073,-0.08011696757426395,0.028930995531603394,-0.003135121915963852,10.875,4.40625,-33.24375,-70.0,-86.0,-87.0,-79.0,-81.0,-84.0,-87.0,-92.0,-80.0,-86.0,-93.0,-88.0,-93.0,-91.0,-88.0,-92.0,-95.0,-96.0,NaN,NaN,NaN,NaN,0.0,0.0,0.0
220,04:51:23:34,NaN,8.9,2.8875,-0.6406298053601958,1.2064852022883485,-0.424685791525225,-0.08313084312967889,0.03266312181232399,0.004192688928841776,10.40625,6.3,-33.24375,-70.0,-86.0,-87.0,-79.0,-81.0,-84.0,-87.0,-92.0,-80.0,-86.0,-93.0,-88.0,-93.0,-91.0,-88.0,-92.0,-95.0,-96.0,NaN,NaN,NaN,NaN,0.0,0.0,0.0
221,04:51:23:50,NaN,8.9,2.775,-0.6616960659806329,1.2135785901296694,-0.3864538156859213,-0.08341806868705753,0.036164386417718915,0.01397217699296652,10.293751,7.425,-29.41875,-70.0,-86.0,-87.0,-79.0,-81.0,-84.0,-87.0,-92.0,-80.0,-86.0,-93.0,-88.0,-93.0,-91.0,-88.0,-92.0,-95.0,-96.0,NaN,NaN,NaN,NaN,0.0,0.0,0.0
222,04:51:23:66,NaN,8.9,2.6625,-0.682568725710061,1.221199674278418,-0.33736062009657347,-0.08122219775014919,0.038759122110046895,0.024633778705665466,10.950001,8.175,-31.406252,-70.0,-86.0,-87.0,-79.0,-81.0,-84.0,-87.0,-92.0,-80.0,-86.0,-93.0,-88.0,-93.0,-91.0,-88.0,-92.0,-95.0,-96.0,NaN,NaN,NaN,NaN,0.0,0.0,0.0
223,04:51:23:83,NaN,8.9,2.55,-0.7008990116674325,1.2286096012854484,-0.27916789397352604,-0.07731574502944998,0.03995607410386599,0.0343115084078021,10.96875,6.7312503,-32.25,-70.0,-86.0,-87.0,-79.0,-81.0,-84.0,-87.0,-92.0,-80.0,-86.0,-93.0,-88.0,-93.0,-91.0,-88.0,-92.0,-95.0,-96.0,NaN,NaN,NaN,NaN,0.0,0.0,0.0
224,04:51:24:01,NaN,8.9,2.4375,-0.7143005141971795,1.2357374624997115,-0.21319616275733536,-0.07284019888312593,0.0394822250734888,0.041538556591793833,11.793751,6.3187504,-34.3875,-70.0,-86.0,-87.0,-79.0,-81.0,-84.0,-87.0,-92.0,-80.0,-86.0,-93.0,-88.0,-93.0,-91.0,-88.0,-92.0,-95.0,-96.0,NaN,NaN,NaN,NaN,0.0,0.0,0.0
225,04:51:24:21,NaN,8.9,2.325,-0.7212815598470352,1.2419533183367208,-0.13998995849371562,-0.06904010749045437,0.037296828458079696,0.045725373441562384,13.200001,5.90625,-34.893753,-70.0,-86.0,-87.0,-79.0,-81.0,-84.0,-87.0,-92.0,-80.0,-86.0,-93.0,-88.0,-93.0,-91.0,-88.0,-92.0,-95.0,-96.0,NaN,NaN,NaN,NaN,0.0,0.0,0.0
226,04:51:24:39,NaN,8.9,2.2125000000000004,-0.7214284529734881,1.2454650528693034,-0.06153807518956737,-0.06694965664754202,0.033578334658412826,0.0471500910738036,13.5375,4.875,-33.75,-70.0,-86.0,-87.0,-79.0,-81.0,-84.0,-87.0,-92.0,-80.0,-86.0,-93.0,-88.0,-93.0,-91.0,-88.0,-92.0,-95.0,-96.0,NaN,NaN,NaN,NaN,0.0,0.0,0.0
227,04:51:24:54,17.0,8.9,2.1,-0.7148485648221353,1.2450457168780522,0.016259922548663316,-0.06708672320076256,0.02865920543351536,0.046419532743455366,16.44375,2.4,-32.4375,-70.0,-86.0,-87.0,-79.0,-81.0,-84.0,-87.0,-92.0,-80.0,-86.0,-93.0,-88.0,-93.0,-91.0,-88.0,-92.0,-95.0,-96.0,NaN,NaN,NaN,NaN,0.0,0.0,0.0
228,04:51:24:67,NaN,8.9,1.885714285714286,-0.7022616701578437,1.241781018009034,0.08470054532892335,-0.06934648214201422,0.022939285619699816,0.04379226563230141,16.368752,3.8812501,-34.0875,-70.0,-86.0,-87.0,-79.0,-81.0,-84.0,-87.0,-92.0,-80.0,-86.0,-93.0,-88.0,-93.0,-91.0,-88.0,-92.0,-95.0,-96.0,NaN,NaN,NaN,NaN,0.0,0.0,0.0
229,04:51:24:83,NaN,8.9,1.6714285714285715,-0.6853429516055096,1.2380970150241852,0.1367151500809723,-0.07313809163278003,0.016687741369053502,0.03878240386617021,14.906251,1.5187501,-31.95,-70.0,-86.0,-87.0,-79.0,-81.0,-84.0,-87.0,-92.0,-80.0,-86.0,-93.0,-88.0,-93.0,-91.0,-88.0,-92.0,-95.0,-96.0,NaN,NaN,NaN,NaN,0.0,0.0,0.0
230,04:51:24:99,NaN,8.9,1.4571428571428573,-0.6660643298820443,1.2353909111656196,0.16969014390462014,-0.07760751013978795,0.009928318589599146,0.03012370694463849,15.637501,-0.20625001,-33.45,-70.0,-86.0,-87.0,-79.0,-81.0,-84.0,-87.0,-92.0,-80.0,-86.0,-93.0,-88.0,-93.0,-91.0,-88.0,-92.0,-95.0,-96.0,NaN,NaN,NaN,NaN,0.0,0.0,0.0
231,04:51:25:16,NaN,8.9,1.2428571428571429,-0.645586737984164,1.2334512245506164,0.18361381693084455,-0.08181292440373211,0.002624968941394477,0.016074095247400826,16.368752,-0.20625001,-32.30625,-70.0,-86.0,-87.0,-79.0,-81.0,-84.0,-87.0,-92.0,-80.0,-86.0,-93.0,-88.0,-93.0,-91.0,-88.0,-92.0,-95.0,-96.0,NaN,NaN,NaN,NaN,0.0,0.0,0.0
232,04:51:25:33,NaN,8.9,1.0285714285714287,-0.6237392034911617,1.2315859027527103,0.1786585929069148,-0.08479991624890232,-0.005137799115885008,-0.0050608655897163134,16.368752,0.35625002,-31.143751,-70.0,-86.0,-87.0,-79.0,-81.0,-84.0,-87.0,-92.0,-80.0,-86.0,-93.0,-88.0,-93.0,-91.0,-88.0,-92.0,-95.0,-96.0,NaN,NaN,NaN,NaN,0.0,0.0,0.0
233,04:51:26:37,NaN,8.9,0.8142857142857145,-0.5992371223586788,1.2287414577044118,0.1565312374925108,-0.0856498891563699,-0.01322115028008511,-0.0345577514537314,10.63125,-1.575,-31.650002,-66.0,-86.0,-87.0,-74.0,-74.0,-84.0,-87.0,-92.0,-82.0,-86.0,-93.0,-91.0,-93.0,-91.0,-88.0,-92.0,-95.0,-96.0,-91.0,NaN,NaN,NaN,0.0,0.0,0.0
234,04:51:26:53,18.0,8.9,0.6000000000000001,-0.570330690032413,1.2225187459532036,0.12216547086864957,-0.08349294563201255,-0.02147212723762554,-0.07334149125572319,13.35,-2.15625,-30.337502,-66.0,-86.0,-87.0,-74.0,-74.0,-84.0,-87.0,-92.0,-82.0,-86.0,-93.0,-91.0,-93.0,-91.0,-88.0,-92.0,-95.0,-96.0,-91.0,NaN,NaN,NaN,0.0,0.0,0.0
235,04:51:26:59,NaN,8.9,0.5250000000000001,-0.535474386479264,1.209529422806912,0.0815816945657817,-0.07762331729153633,-0.029668788138306076,-0.12225044762333855,11.793751,-1.3125,-29.343752,-66.0,-86.0,-87.0,-74.0,-74.0,-84.0,-87.0,-92.0,-82.0,-86.0,-93.0,-91.0,-93.0,-91.0,-88.0,-92.0,-95.0,-96.0,-91.0,NaN,NaN,NaN,0.0,0.0,0.0
236,04:51:26:75,NaN,8.9,0.45000000000000007,-0.4935794192796508,1.1872462895325133,0.039372362633634264,-0.06791399158792735,-0.03762640676193329,-0.18199600052335757,12.58125,0.73125005,-29.156252,-66.0,-86.0,-87.0,-74.0,-74.0,-84.0,-87.0,-92.0,-82.0,-86.0,-93.0,-91.0,-93.0,-91.0,-88.0,-92.0,-95.0,-96.0,-91.0,NaN,NaN,NaN,0.0,0.0,0.0
237,04:51:26:92,NaN,8.9,0.37500000000000006,-0.44386168533277326,1.155309776560181,-0.0004909393266219857,-0.05511121060111405,-0.04532232731423623,-0.25271857732248076,12.731251,0.16875,-29.6625,-66.0,-86.0,-87.0,-74.0,-74.0,-84.0,-87.0,-92.0,-82.0,-86.0,-93.0,-91.0,-93.0,-91.0,-88.0,-92.0,-95.0,-96.0,-91.0,NaN,NaN,NaN,0.0,0.0,0.0
238,04:51:27:08,NaN,8.9,0.30000000000000004,-0.3860942470550813,1.115204462398502,-0.033370259598296974,-0.04072054558272477,-0.052808529985347435,-0.3333988189290525,12.58125,1.03125,-29.156252,-66.0,-86.0,-87.0,-74.0,-74.0,-84.0,-87.0,-92.0,-82.0,-86.0,-93.0,-91.0,-93.0,-91.0,-88.0,-92.0,-95.0,-96.0,-91.0,NaN,NaN,NaN,0.0,0.0,0.0
239,04:51:27:27,NaN,8.9,0.22500000000000003,-0.32146174455938553,1.0689043901477626,-0.05548353976640169,-0.026605859268423758,-0.060034742449683876,-0.42136823908059934,14.2875,1.4625001,-27.993752,-66.0,-86.0,-87.0,-74.0,-74.0,-84.0,-87.0,-92.0,-82.0,-86.0,-93.0,-91.0,-93.0,-91.0,-88.0,-92.0,-95.0,-96.0,-91.0,NaN,NaN,NaN,0.0,0.0,0.0
240,04:51:27:46,NaN,8.9,0.15000000000000002,-0.25300893939282826,1.0181882030895248,-0.06645447963595463,-0.014398650394251429,-0.0666864570293027,-0.51216343449383,15.525001,2.6437502,-27.656252,-66.0,-86.0,-87.0,-74.0,-74.0,-84.0,-87.0,-92.0,-82.0,-86.0,-93.0,-91.0,-93.0,-91.0,-88.0,-92.0,-95.0,-96.0,-91.0,NaN,NaN,NaN,0.0,0.0,0.0
241,04:51:27:64,NaN,8.9,0.07499999999999996,-0.18530477009437893,0.9656315235070316,-0.06939571603391288,-0.005066796864688694,-0.07209267143240337,-0.5998037626761417,14.83125,1.8937501,-27.656252,-66.0,-86.0,-87.0,-74.0,-74.0,-84.0,-87.0,-92.0,-82.0,-86.0,-93.0,-91.0,-93.0,-91.0,-88.0,-92.0,-95.0,-96.0,-91.0,NaN,NaN,NaN,0.0,0.0,0.0
242,04:51:27:78,19.0,8.9,0.0,-0.12391719518066827,0.9158348120795868,-0.06840345209286619,0.0011792235662472228,-0.07532474294295897,-0.6773618771940803,13.931251,3.9375002,-28.29375,-66.0,-86.0,-87.0,-74.0,-74.0,-84.0,-87.0,-92.0,-82.0,-86.0,-93.0,-91.0,-93.0,-91.0,-88.0,-92.0,-95.0,-96.0,-91.0,NaN,NaN,NaN,0.0,0.0,0.0
243,04:51:27:93,NaN,8.707142857142857,0.0,-0.07473017402728474,0.8746137393393197,-0.06595263790595068,0.004762886000827401,-0.07542558399495718,-0.7378139469955135,10.96875,4.05,-28.125002,-66.0,-86.0,-87.0,-74.0,-74.0,-84.0,-87.0,-92.0,-82.0,-86.0,-93.0,-91.0,-93.0,-91.0,-88.0,-92.0,-95.0,-96.0,-91.0,NaN,NaN,NaN,0.0,0.0,0.0
244,04:51:28:09,NaN,8.514285714285714,0.0,-0.04265522490513797,0.846599171554841,-0.06225995765245663,0.00635057003578703,-0.07158058039002976,-0.7751576709964648,6.39375,7.5000005,-27.6,-66.0,-86.0,-87.0,-74.0,-74.0,-84.0,-87.0,-92.0,-82.0,-86.0,-93.0,-91.0,-93.0,-91.0,-88.0,-92.0,-95.0,-96.0,-91.0,NaN,NaN,NaN,0.0,0.0,0.0
245,04:51:28:26,NaN,8.321428571428571,0.0,-0.030056648719360306,0.8339258610927134,-0.056460373995452715,0.006350787041741067,-0.06329491007156811,-0.7855366592255117,-2.11875,9.056251,-28.25625,-66.0,-86.0,-87.0,-74.0,-74.0,-84.0,-87.0,-92.0,-82.0,-86.0,-93.0,-91.0,-93.0,-91.0,-88.0,-92.0,-95.0,-96.0,-91.0,NaN,NaN,NaN,0.0,0.0,0.0
246,04:51:28:42,NaN,8.128571428571428,0.0,-0.03598616281118905,0.8366864742563499,-0.04761119856566657,0.0048039128476818,-0.050724871368667566,-0.7681062964369415,-9.993751,8.400001,-28.593752,-66.0,-86.0,-87.0,-74.0,-74.0,-84.0,-87.0,-92.0,-82.0,-86.0,-93.0,-91.0,-93.0,-91.0,-88.0,-92.0,-95.0,-96.0,-91.0,NaN,NaN,NaN,0.0,0.0,0.0
247,04:51:28:61,NaN,7.935714285714286,0.0,-0.056922057511175836,0.8534825682313002,-0.034940560605711254,0.0017148026540887125,-0.03491103304919242,-0.7252972568527138,-14.26875,5.15625,-27.13125,-66.0,-86.0,-87.0,-74.0,-74.0,-84.0,-87.0,-92.0,-82.0,-86.0,-93.0,-91.0,-93.0,-91.0,-88.0,-92.0,-95.0,-96.0,-91.0,NaN,NaN,NaN,0.0,0.0,0.0
248,04:51:28:78,NaN,7.742857142857143,0.0,-0.08843238012123841,0.8814525974291018,-0.01865858869838434,-0.0026458592160605,-0.017541289350123966,-0.6620720620022281,-15.468751,1.6500001,-28.1625,-66.0,-86.0,-87.0,-74.0,-74.0,-84.0,-87.0,-92.0,-82.0,-86.0,-93.0,-91.0,-93.0,-91.0,-88.0,-92.0,-95.0,-96.0,-91.0,NaN,NaN,NaN,0.0,0.0,0.0
249,04:51:28:95,NaN,7.550000000000001,0.0,-0.12650938196948047,0.9168157008912806,-0.0015407162976801437,-0.007692040587561357,-0.00038533679427880073,-0.5845281160961244,-15.58125,0.7875,-28.331251,-66.0,-86.0,-87.0,-74.0,-74.0,-84.0,-87.0,-92.0,-82.0,-86.0,-93.0,-91.0,-93.0,-91.0,-88.0,-92.0,-95.0,-96.0,-91.0,NaN,NaN,NaN,0.0,0.0,0.0
250,04:51:29:12,NaN,7.357142857142858,0.0,-0.16814982788876007,0.9563712116109394,0.01059001539556928,-0.012595691193820067,0.015150044495776383,-0.4987219412288797,-16.368752,-2.5500002,-29.681252,-66.0,-86.0,-87.0,-74.0,-74.0,-84.0,-87.0,-92.0,-82.0,-86.0,-93.0,-91.0,-93.0,-91.0,-88.0,-92.0,-95.0,-96.0,-91.0,NaN,NaN,NaN,0.0,0.0,0.0
251,04:51:30:60,NaN,7.164285714285715,0.0,-0.21163187323510246,0.9983778421344065,0.011654990008395903,-0.016477071052309934,0.028170939152798995,-0.4100427708276936,-18.0,-4.33125,-28.5375,-71.0,-88.0,-90.0,-70.0,-74.0,-84.0,-84.0,-88.0,-85.0,-89.0,-93.0,-94.0,-93.0,-91.0,-88.0,-92.0,-95.0,-96.0,-91.0,-91.0,NaN,NaN,0.0,0.0,0.0
252,04:51:30:79,NaN,6.9714285714285715,0.0,-0.2562835043788,1.0412775934052656,0.0003304104866319092,-0.01879469926392929,0.03821056141964069,-0.32300520856334214,-17.25,-5.3625,-27.712502,-71.0,-88.0,-90.0,-70.0,-74.0,-84.0,-84.0,-88.0,-85.0,-89.0,-93.0,-94.0,-93.0,-91.0,-88.0,-92.0,-95.0,-96.0,-91.0,-91.0,NaN,NaN,0.0,0.0,0.0
253,04:51:30:95,NaN,6.7785714285714285,0.0,-0.30141317324577477,1.0818248518502054,-0.018502655247639162,-0.019580284257485748,0.04506594775356534,-0.24125384149898774,-17.98125,-6.76875,-31.031252,-71.0,-88.0,-90.0,-70.0,-74.0,-84.0,-84.0,-88.0,-85.0,-89.0,-93.0,-94.0,-93.0,-91.0,-88.0,-92.0,-95.0,-96.0,-91.0,-91.0,NaN,NaN,0.0,0.0,0.0
254,04:51:31:12,NaN,6.585714285714285,0.0,-0.34544499458061007,1.1155273530807917,-0.03817820603890912,-0.019162000960733627,0.04880241909576911,-0.16752249732740793,-16.1625,-6.61875,-31.2,-71.0,-88.0,-90.0,-70.0,-74.0,-84.0,-84.0,-88.0,-85.0,-89.0,-93.0,-94.0,-93.0,-91.0,-88.0,-92.0,-95.0,-96.0,-91.0,-91.0,NaN,NaN,0.0,0.0,0.0
255,04:51:31:28,NaN,6.392857142857143,0.0,-0.38618210858330315,1.1394458372553316,-0.054142026307633026,-0.017821235570429174,0.049899566797094286,-0.10350522786507989,-15.525001,-5.55,-33.99375,-71.0,-88.0,-90.0,-70.0,-74.0,-84.0,-84.0,-88.0,-85.0,-89.0,-93.0,-94.0,-93.0,-91.0,-88.0,-92.0,-95.0,-96.0,-91.0,-91.0,NaN,NaN,0.0,0.0,0.0
256,04:51:31:44,20.0,6.2,0.0,-0.4217576423299627,1.1541594173831633,-0.063747599965417,-0.01580491528992306,0.0491754816224879,-0.04982272322187077,-17.8125,-3.9750001,-33.318752,-71.0,-88.0,-90.0,-70.0,-74.0,-84.0,-84.0,-88.0,-85.0,-89.0,-93.0,-94.0,-93.0,-91.0,-88.0,-92.0,-95.0,-96.0,-91.0,-91.0,NaN,NaN,0.0,0.0,0.0
257,04:51:31:60,NaN,5.985714285714286,0.0,-0.4513975876952717,1.162521506961905,-0.06622700460771545,-0.013391283454618453,0.04735272949171489,-0.00612491836830319,-17.8875,-1.5,-34.125,-71.0,-88.0,-90.0,-70.0,-74.0,-84.0,-84.0,-88.0,-85.0,-89.0,-93.0,-94.0,-93.0,-91.0,-88.0,-92.0,-95.0,-96.0,-91.0,-91.0,NaN,NaN,0.0,0.0,0.0
258,04:51:31:77,NaN,5.771428571428571,0.0,-0.4753779726638717,1.1672061407161616,-0.0640252901630694,-0.01084139773595105,0.044687469058109254,0.02874044959439124,-17.90625,-0.056250002,-33.300003,-71.0,-88.0,-90.0,-70.0,-74.0,-84.0,-84.0,-88.0,-85.0,-89.0,-93.0,-94.0,-93.0,-91.0,-88.0,-92.0,-95.0,-96.0,-91.0,-91.0,NaN,NaN,0.0,0.0,0.0
259,04:51:31:96,NaN,5.557142857142857,0.0,-0.49430728707627575,1.1704613045603127,-0.06212394641903375,-0.008452138097411096,0.0410712347226393,0.05638244007280426,-18.91875,0.39375,-34.443752,-71.0,-88.0,-90.0,-70.0,-74.0,-84.0,-84.0,-88.0,-85.0,-89.0,-93.0,-94.0,-93.0,-91.0,-88.0,-92.0,-95.0,-96.0,-91.0,-91.0,NaN,NaN,0.0,0.0,0.0
260,04:51:32:13,NaN,5.342857142857143,0.0,-0.5085051637655382,1.175245036476058,-0.06502637497690986,-0.0065400153906490675,0.03635449395919022,0.07826508075592441,-19.6875,-2.3812501,-33.975002,-71.0,-88.0,-90.0,-70.0,-74.0,-84.0,-84.0,-88.0,-85.0,-89.0,-93.0,-94.0,-93.0,-91.0,-88.0,-92.0,-95.0,-96.0,-91.0,-91.0,NaN,NaN,0.0,0.0,0.0
261,04:51:32:30,NaN,5.128571428571429,0.0,-0.5181167602636473,1.1843918356281302,-0.07422352983561184,-0.00512953904968466,0.030498870099744353,0.09514537329058505,-18.65625,-5.8500004,-35.98125,-71.0,-88.0,-90.0,-70.0,-74.0,-84.0,-84.0,-88.0,-85.0,-89.0,-93.0,-94.0,-93.0,-91.0,-88.0,-92.0,-95.0,-96.0,-91.0,-91.0,NaN,NaN,0.0,0.0,0.0
262,04:51:32:48,NaN,4.914285714285715,0.0,-0.5236962688396758,1.1984501952899034,-0.08883837410664644,-0.003784420428746199,0.02365523053550853,0.10693671615545197,-18.13125,-3.525,-34.48125,-71.0,-88.0,-90.0,-70.0,-74.0,-84.0,-84.0,-88.0,-85.0,-89.0,-93.0,-94.0,-93.0,-91.0,-88.0,-92.0,-95.0,-96.0,-91.0,-91.0,NaN,NaN,0.0,0.0,0.0
263,04:51:32:65,NaN,4.7,0.0,-0.5262290807148217,1.215757318777275,-0.10875792335104437,-0.0019378846866446272,0.01623125308262918,0.11310210529584833,-16.987501,-5.1000004,-35.98125,-71.0,-88.0,-90.0,-70.0,-74.0,-84.0,-84.0,-88.0,-85.0,-89.0,-93.0,-94.0,-93.0,-91.0,-88.0,-92.0,-95.0,-96.0,-91.0,-91.0,NaN,NaN,0.0,0.0,0.0
264,04:51:32:81,NaN,4.485714285714286,0.0,-0.5264986047268547,1.2342700416092007,-0.13529882572043636,0.0006858719088238528,0.008711609940371083,0.11330244903075445,-17.737501,-1.6500001,-33.975002,-71.0,-88.0,-90.0,-70.0,-74.0,-84.0,-84.0,-88.0,-85.0,-89.0,-93.0,-94.0,-93.0,-91.0,-88.0,-92.0,-95.0,-96.0,-91.0,-91.0,NaN,NaN,0.0,0.0,0.0
265,04:51:33:22,NaN,4.271428571428572,0.0,-0.5245525038340302,1.2519735698560421,-0.16757180161547705,0.003925478596755551,0.0012837577646143935,0.10777514236528991,-18.50625,-4.55625,-33.825,-66.0,-83.0,-90.0,-73.0,-77.0,-84.0,-88.0,-85.0,-85.0,-89.0,-93.0,-94.0,-93.0,-91.0,-88.0,-92.0,-95.0,-96.0,-91.0,-91.0,-91.0,NaN,0.0,0.0,0.0
266,04:51:34:33,NaN,4.057142857142857,0.0,-0.5196101078806389,1.266255184063664,-0.20019996591046718,0.0072118475266744995,-0.0062722605237900035,0.09727148481239556,-16.725,-7.18125,-32.53125,-66.0,-83.0,-90.0,-73.0,-77.0,-84.0,-88.0,-85.0,-85.0,-89.0,-93.0,-94.0,-93.0,-91.0,-88.0,-92.0,-95.0,-96.0,-91.0,-91.0,-91.0,NaN,0.0,0.0,0.0
267,04:51:34:50,NaN,3.842857142857143,0.0,-0.510594314351102,1.2739637097362044,-0.2263939755037078,0.009846059485319638,-0.014199099305439642,0.08286877956578673,-16.050001,-7.1625004,-33.84375,-66.0,-83.0,-90.0,-73.0,-77.0,-84.0,-88.0,-85.0,-85.0,-89.0,-93.0,-94.0,-93.0,-91.0,-88.0,-92.0,-95.0,-96.0,-91.0,-91.0,-91.0,NaN,0.0,0.0,0.0
268,04:51:34:67,NaN,3.628571428571429,0.0,-0.49686213060690326,1.271968251376827,-0.24198967110897002,0.011452616094968476,-0.022300144681298196,0.06586456921813107,-16.050001,-7.1625004,-34.18125,-66.0,-83.0,-90.0,-73.0,-77.0,-84.0,-88.0,-85.0,-85.0,-89.0,-93.0,-94.0,-93.0,-91.0,-88.0,-92.0,-95.0,-96.0,-91.0,-91.0,-91.0,NaN,0.0,0.0,0.0
269,04:51:34:84,NaN,3.4142857142857146,0.0,-0.4785267915724003,1.2583233947496726,-0.2458215033289559,0.012101992068735488,-0.029855048405436648,0.047662976917930845,-14.793751,-6.1312504,-33.506252,-66.0,-83.0,-90.0,-73.0,-77.0,-84.0,-88.0,-85.0,-85.0,-89.0,-93.0,-94.0,-93.0,-91.0,-88.0,-92.0,-95.0,-96.0,-91.0,-91.0,-91.0,NaN,0.0,0.0,0.0
270,04:51:35:01,21.0,3.2,0.0,-0.45664462233827,1.2335413677231866,-0.23845263265578018,0.012107967236504594,-0.03588807046411034,0.029618079198356774,-15.993751,-3.3937502,-33.15,-66.0,-83.0,-90.0,-73.0,-77.0,-84.0,-88.0,-85.0,-85.0,-89.0,-93.0,-94.0,-93.0,-91.0,-88.0,-92.0,-95.0,-96.0,-91.0,-91.0,-91.0,NaN,0.0,0.0,0.0
271,04:51:35:18,NaN,3.011764705882353,0.0,-0.43322201171322794,1.200128774471828,-0.2220098112042006,0.011912509183358089,-0.039571997270181555,0.012920988180136503,-15.675,-4.2562504,-32.49375,-66.0,-83.0,-90.0,-73.0,-77.0,-84.0,-88.0,-85.0,-85.0,-89.0,-93.0,-94.0,-93.0,-91.0,-88.0,-92.0,-95.0,-96.0,-91.0,-91.0,-91.0,NaN,0.0,0.0,0.0
272,04:51:35:36,NaN,2.823529411764706,0.0,-0.41069690571124706,1.1607902558505518,-0.199850357261936,0.011940197272214917,-0.040373230052150565,-0.001476043271718697,-16.575,-2.9437501,-33.487503,-66.0,-83.0,-90.0,-73.0,-77.0,-84.0,-88.0,-85.0,-85.0,-89.0,-93.0,-94.0,-93.0,-91.0,-88.0,-92.0,-95.0,-96.0,-91.0,-91.0,-91.0,NaN,0.0,0.0,0.0
273,04:51:35:54,NaN,2.6352941176470592,0.0,-0.3912387248114624,1.1176653663064786,-0.17536680624113632,0.01223745899309721,-0.03777764643777383,-0.012875816619073223,-13.9875,-0.15,-34.78125,-66.0,-83.0,-90.0,-73.0,-77.0,-84.0,-88.0,-85.0,-85.0,-89.0,-93.0,-94.0,-93.0,-91.0,-88.0,-92.0,-95.0,-96.0,-91.0,-91.0,-91.0,NaN,0.0,0.0,0.0
274,04:51:35:73,NaN,2.447058823529412,0.0,-0.37637532565396964,1.0727270526576183,-0.1509086093098735,0.012319934317666894,-0.03129958227617309,-0.020852056934706664,-20.175001,0.80625004,-32.79375,-66.0,-83.0,-90.0,-73.0,-77.0,-84.0,-88.0,-85.0,-85.0,-89.0,-93.0,-94.0,-93.0,-91.0,-88.0,-92.0,-95.0,-96.0,-91.0,-91.0,-91.0,NaN,0.0,0.0,0.0
275,04:51:35:94,NaN,2.2588235294117647,0.0,-0.3671797468864119,1.027611902609688,-0.12692181869013897,0.011488928825194407,-0.02120918626475944,-0.025497184605922842,-21.2625,-2.8125,-36.131252,-66.0,-83.0,-90.0,-73.0,-77.0,-84.0,-88.0,-85.0,-85.0,-89.0,-93.0,-94.0,-93.0,-91.0,-88.0,-92.0,-95.0,-96.0,-91.0,-91.0,-91.0,NaN,0.0,0.0,0.0
276,04:51:36:15,NaN,2.070588235294118,0.0,-0.36470815947438684,0.9831658594808643,-0.10223350089143499,0.009238768977713325,-0.008976506178608531,-0.027676912069886477,-20.118752,-4.1062503,-36.787502,-66.0,-83.0,-90.0,-73.0,-77.0,-84.0,-88.0,-85.0,-85.0,-89.0,-93.0,-94.0,-93.0,-91.0,-88.0,-92.0,-95.0,-96.0,-91.0,-91.0,-91.0,NaN,0.0,0.0,0.0
277,04:51:36:33,NaN,1.8823529411764708,0.0,-0.3703447692463152,0.9401482256325903,-0.07549120098850971,0.005354852266302144,0.0032969991822801694,-0.028747472506929984,-22.03125,-5.15625,-34.818752,-66.0,-83.0,-90.0,-73.0,-77.0,-84.0,-88.0,-85.0,-85.0,-89.0,-93.0,-94.0,-93.0,-91.0,-88.0,-92.0,-95.0,-96.0,-91.0,-91.0,-91.0,NaN,0.0,0.0,0.0
278,04:51:36:51,NaN,1.6941176470588237,0.0,-0.38591850865722366,0.9001350167547935,-0.04582011578748141,-0.0002742829695022609,0.01362708657734173,-0.029970815393294898,-24.300001,-4.03125,-33.825,-66.0,-83.0,-90.0,-73.0,-77.0,-84.0,-88.0,-85.0,-85.0,-89.0,-93.0,-94.0,-93.0,-91.0,-88.0,-92.0,-95.0,-96.0,-91.0,-91.0,-91.0,NaN,0.0,0.0,0.0
279,04:51:36:69,NaN,1.5058823529411767,0.0,-0.41290591207023514,0.8649440296419896,-0.013262684605847095,-0.00772676476253641,0.020484482218899494,-0.03251825101706599,-23.23125,-8.512501,-35.850002,-66.0,-83.0,-90.0,-73.0,-77.0,-84.0,-88.0,-85.0,-85.0,-89.0,-93.0,-94.0,-93.0,-91.0,-88.0,-92.0,-95.0,-96.0,-91.0,-91.0,-91.0,NaN,0.0,0.0,0.0
280,04:51:36:88,NaN,1.3176470588235296,0.0,-0.451258739320304,0.8356062865815376,0.019987840569666213,-0.016815561540572226,0.022901651702299942,-0.03801073356529701,-22.59375,-6.0375004,-35.325,-66.0,-83.0,-90.0,-73.0,-77.0,-84.0,-88.0,-85.0,-85.0,-89.0,-93.0,-94.0,-93.0,-91.0,-88.0,-92.0,-95.0,-96.0,-91.0,-91.0,-91.0,NaN,0.0,0.0,0.0
281,04:51:37:06,NaN,1.1294117647058828,0.0,-0.49946251573084166,0.8124637415859018,0.05000155737077823,-0.02706690040306507,0.02025085428059776,-0.0484466981400124,-24.843752,-6.1875005,-35.98125,-66.0,-83.0,-90.0,-73.0,-77.0,-84.0,-88.0,-85.0,-85.0,-89.0,-93.0,-94.0,-93.0,-91.0,-88.0,-92.0,-95.0,-96.0,-91.0,-91.0,-91.0,NaN,0.0,0.0,0.0
282,04:51:38:79,NaN,0.9411764705882355,0.0,-0.555152658524246,0.7955070676100165,0.07412613269437768,-0.0382923616893767,0.01174951434556886,-0.0653210816389248,-13.200001,-2.625,-33.975002,-68.0,-85.0,-87.0,-77.0,-77.0,-84.0,-90.0,-84.0,-86.0,-89.0,-93.0,-92.0,-93.0,-91.0,-88.0,-92.0,-95.0,-96.0,-91.0,-91.0,-86.0,-90.0,0.0,0.0,0.0
283,04:51:39:01,NaN,0.7529411764705882,0.0,-0.6154037834318886,0.7841429281312127,0.09280233786804556,-0.05106077719184782,-0.003803622327776978,-0.08899975568000185,-13.33125,-4.21875,-35.30625,-68.0,-85.0,-87.0,-77.0,-77.0,-84.0,-90.0,-84.0,-86.0,-89.0,-93.0,-92.0,-93.0,-91.0,-88.0,-92.0,-95.0,-96.0,-91.0,-91.0,-86.0,-90.0,0.0,0.0,0.0
284,04:51:39:21,NaN,0.5647058823529414,0.0,-0.6773926167681085,0.7778219883566736,0.10802787847765531,-0.06635799162715503,-0.027809425979702224,-0.11875968917173464,-12.337501,-3.91875,-34.48125,-68.0,-85.0,-87.0,-77.0,-77.0,-84.0,-90.0,-84.0,-86.0,-89.0,-93.0,-92.0,-93.0,-91.0,-88.0,-92.0,-95.0,-96.0,-91.0,-91.0,-86.0,-90.0,0.0,0.0,0.0
285,04:51:39:41,NaN,0.37647058823529456,0.0,-0.7390736481013563,0.7776679485650582,0.12127552203874004,-0.08498487111567597,-0.061360122932040434,-0.15315792594578123,-10.931251,-4.2000003,-35.30625,-68.0,-85.0,-87.0,-77.0,-77.0,-84.0,-90.0,-84.0,-86.0,-89.0,-93.0,-92.0,-93.0,-91.0,-88.0,-92.0,-95.0,-96.0,-91.0,-91.0,-86.0,-90.0,0.0,0.0,0.0
286,04:51:39:61,NaN,0.18823529411764728,0.0,-0.7992705012642987,0.7866585821213816,0.13310050307214624,-0.10736829670485036,-0.10482197007177302,-0.19064664718747018,-11.08125,-5.4750004,-37.143753,-68.0,-85.0,-87.0,-77.0,-77.0,-84.0,-90.0,-84.0,-86.0,-89.0,-93.0,-92.0,-93.0,-91.0,-88.0,-92.0,-95.0,-96.0,-91.0,-91.0,-86.0,-90.0,0.0,0.0,0.0
287,04:51:39:68,22.0,0.0,0.0,-0.8574106643993032,0.807695275215999,0.1437335424165001,-0.1336041729551177,-0.1578931784713621,-0.230151663788467,-12.6,-6.3562503,-37.3125,-68.0,-85.0,-87.0,-77.0,-77.0,-84.0,-90.0,-84.0,-86.0,-89.0,-93.0,-92.0,-93.0,-91.0,-88.0,-92.0,-95.0,-96.0,-91.0,-91.0,-86.0,-90.0,0.0,0.0,0.0
288,04:51:39:87,NaN,-0.18823529411764683,0.0,-0.9129471443359962,0.8417070568054884,0.15352328203244386,-0.16352298019969733,-0.21998055910168207,-0.2710971659300231,-13.762501,-4.2000003,-35.8125,-68.0,-85.0,-87.0,-77.0,-77.0,-84.0,-90.0,-84.0,-86.0,-89.0,-93.0,-92.0,-93.0,-91.0,-88.0,-92.0,-95.0,-96.0,-91.0,-91.0,-86.0,-90.0,0.0,0.0,0.0
289,04:51:40:06,NaN,-0.37647058823529367,0.0,-0.9649642254726915,0.887229877394262,0.16278014743730365,-0.19674406086257426,-0.2901652525660795,-0.31297702339029726,-11.64375,-4.4812503,-36.46875,-68.0,-85.0,-87.0,-77.0,-77.0,-84.0,-90.0,-84.0,-86.0,-89.0,-93.0,-92.0,-93.0,-91.0,-88.0,-92.0,-95.0,-96.0,-91.0,-91.0,-86.0,-90.0,0.0,0.0,0.0
290,04:51:40:26,NaN,-0.564705882352941,0.0,-1.0124772100845214,0.9410734480465718,0.17147856227793262,-0.232499909807139,-0.3665142776346083,-0.3549477612480994,-11.606251,-6.6562505,-36.487503,-68.0,-85.0,-87.0,-77.0,-77.0,-84.0,-90.0,-84.0,-86.0,-89.0,-93.0,-92.0,-93.0,-91.0,-88.0,-92.0,-95.0,-96.0,-91.0,-91.0,-86.0,-90.0,0.0,0.0,0.0
291,04:51:40:46,NaN,-0.7529411764705882,0.0,-1.0549617134865323,0.9991331953573782,0.17958919708183618,-0.2692973927896677,-0.4454465476195609,-0.3956728780553378,-11.775001,-5.0625,-36.300003,-68.0,-85.0,-87.0,-77.0,-77.0,-84.0,-90.0,-84.0,-86.0,-89.0,-93.0,-92.0,-93.0,-91.0,-88.0,-92.0,-95.0,-96.0,-91.0,-91.0,-86.0,-90.0,0.0,0.0,0.0
